NECTA,fips,state,msa,population,total_postings,total_supply,supply_demand_ratio,supply_demand_qualifier,location_quotient,location_quotient_qualifier,top_job_1,top_job_2,top_job_3,top_job_4,top_job_5,top_job_6,top_job_7,top_job_8,top_job_9,top_job_10,analyze,securely_provision,operate_maintain,protect_defend,investigate,collect_operate,oversight_development,security+_holders,cissp_holders,cipp_holders,cisa_holders,cism_holders,giac_holders,security+_openings,cissp_openings,cipp_openings,cisa_openings,cism_openings,giac_openings
,2,AK,,741894,52,105,2.02,Very Low,1.87,Very High,IT Specialist / Engineer,Cyber Security Specialist / Technician,Cyber Security Engineer,Network Analyst / Specialist,Systems Administrator,Software Developer / Engineer,Cyber Security Analyst,Cyber Security Manager / Administrator,Systems Engineer,,19,23,37,21,1,8,16,,,,,,,3,3,0,2,1,2
,1,AL,,4863300,316,636,2.01,Very Low,1.92,Very High,Cyber Security Engineer,Cyber Security Specialist / Technician,Systems Administrator,IT Specialist / Engineer,Information Assurance Engineer / Analyst,Cyber Security Analyst,Network Engineer / Architect,Software QA Engineer / Tester,Network Administrator,Software Developer / Engineer,98,191,229,114,2,42,52,,,,,,,66,46,0,13,11,24
,5,AR,,2988248,25,107,4.28,Low,0.24,Very Low,GIS Analyst,IT Director,Data Analyst (General),Vulnerability Analyst / Penetration Tester,Software QA Engineer / Tester,Help Desk Technician / Analyst,Computer Support Specialist,Technical Consultant / Analyst,Cyber Security Engineer,Cyber Security Manager / Administrator,10,13,17,11,0,4,10,,,,,,,2,6,0,4,2,2
,4,AZ,,6931071,291,617,2.12,Very Low,1.27,High,Systems Engineer,IT Specialist / Engineer,Cyber Security Engineer,Systems Administrator,Network Engineer / Architect,Cyber Security Specialist / Technician,Cyber Security Analyst,Systems Analyst,Network Analyst / Specialist,Chief Information Officer,115,188,191,120,2,46,86,,,,,,,33,88,1,57,26,42
,6,CA,,39250017,965,2536,2.63,Very Low,0.7,Low,Cyber Security Engineer,Cyber Security Specialist / Technician,Cyber Security Manager / Administrator,Network Engineer / Architect,Cyber Security Analyst,IT Specialist / Engineer,Software Developer / Engineer,Systems Administrator,Information Assurance Engineer / Analyst,Systems Engineer,358,583,567,349,6,138,306,,,,,,,100,296,14,161,98,106
,8,CO,,5540545,439,847,1.93,Very Low,2.03,Very High,Cyber Security Engineer,Cyber Security Specialist / Technician,Systems Administrator,IT Specialist / Engineer,Systems Engineer,Software Developer / Engineer,Cyber Security Manager / Administrator,Cyber Security Analyst,Help Desk Technician / Analyst,Network Engineer / Architect,142,284,295,159,3,62,106,,,,,,,89,124,2,50,31,59
,9,CT,,3576452,44,119,2.7,Very Low,0.31,Very Low,Cyber Security Specialist / Technician,IT Auditor,IT Specialist / Engineer,Network Engineer / Architect,Infrastructure Architect,Incident Analyst / Responder,Technical Consultant / Analyst,Systems Administrator,IT Manager,IT Director,19,28,29,19,0,8,15,,,,,,,4,27,1,21,11,9
,11,DC,,681170,758,1424,1.88,Very Low,12.52,Very High,Cyber Security Engineer,Cyber Security Specialist / Technician,IT Specialist / Engineer,Network Engineer / Architect,Systems Engineer,Cyber Security Manager / Administrator,Cyber Security Analyst,Information Assurance Engineer / Analyst,Vulnerability Analyst / Penetration Tester,Computer Support Specialist,299,450,500,316,8,128,198,,,,,,,56,117,2,39,39,51
,10,DE,,952065,17,31,1.82,Very Low,0.45,Very Low,Cyber Security Specialist / Technician,Cyber Security Engineer,Cyber Security Manager / Administrator,Network Administrator,,,,,,,9,10,10,8,0,3,6,,,,,,,1,15,0,13,7,3
,12,FL,,20612439,613,1804,2.94,Very Low,0.87,Average,Cyber Security Specialist / Technician,Cyber Security Engineer,IT Specialist / Engineer,Cyber Security Manager / Administrator,Systems Administrator,SAS Programmer,GIS Analyst,Network Engineer / Architect,Information Assurance Engineer / Analyst,Unix Administrator / Engineer,231,348,404,230,7,95,154,,,,,,,84,128,3,70,44,56
,13,GA,,10310371,323,812,2.51,Very Low,0.89,Average,Cyber Security Engineer,Cyber Security Specialist / Technician,IT Specialist / Engineer,Network Engineer / Architect,Software Developer / Engineer,Systems Administrator,Network Analyst / Specialist,Information Assurance Engineer / Analyst,Telecommunications Specialist / Engineer,IT Director,133,199,202,133,2,50,94,,,,,,,30,120,2,72,48,46
,15,HI,,1428557,89,261,2.93,Very Low,1.63,Very High,Cyber Security Specialist / Technician,IT Specialist / Engineer,Cyber Security Engineer,Systems Administrator,Network Analyst / Specialist,Computer Scientist / Researcher,Systems Analyst,Incident Analyst / Responder,Computer Support Specialist,Network Administrator,28,31,66,29,1,11,16,,,,,,,20,12,0,5,2,9
,19,IA,,3134693,73,159,2.18,Very Low,0.55,Very Low,IT Specialist / Engineer,Cyber Security Specialist / Technician,Network Analyst / Specialist,Cyber Security Engineer,Software Development / Engineering Manager,Network Administrator,Network Engineer / Architect,Cyber Security Manager / Administrator,Telecommunications Specialist / Engineer,Systems Engineer,33,47,44,29,0,11,22,,,,,,,1,21,1,16,6,7
,16,ID,,1683140,108,328,3.04,Very Low,1.89,Very High,Cyber Security Analyst,IT Specialist / Engineer,Cyber Security Specialist / Technician,Cyber Security Manager / Administrator,Cyber Security Engineer,Network Analyst / Specialist,Network Administrator,Network Engineer / Architect,GIS Analyst,IT Manager,42,64,76,40,1,22,32,,,,,,,1,5,0,2,1,1
,17,IL,,12801539,368,956,2.6,Very Low,0.72,Low,IT Specialist / Engineer,Cyber Security Engineer,Network Engineer / Architect,Cyber Security Specialist / Technician,Network Analyst / Specialist,Cyber Security Analyst,Windows Administrator,Computer Operator,Software Developer / Engineer,Technical Support Engineer / Analyst,160,223,229,146,4,59,118,,,,,,,33,143,6,87,50,55
,18,IN,,6633053,76,264,3.47,Very Low,0.29,Very Low,IT Specialist / Engineer,Cyber Security Analyst,Cyber Security Specialist / Technician,Systems Support Specialist,Cyber Security Engineer,Network Analyst / Specialist,Help Desk Technician / Analyst,Build and Release Engineer,Network Administrator,Systems Engineer,36,44,51,35,1,16,21,,,,,,,4,27,0,16,9,11
,20,KS,,2907289,102,327,3.21,Very Low,0.86,Average,Cyber Security Specialist / Technician,Cyber Security Engineer,IT Specialist / Engineer,Systems Administrator,Network Analyst / Specialist,Cyber Security Manager / Administrator,Software QA Engineer / Tester,Network Engineer / Architect,Cyber Security Analyst,VMware Engineer / Administrator,32,60,66,42,0,18,26,,,,,,,11,12,0,6,4,6
,21,KY,,4436974,131,406,3.1,Very Low,0.81,Low,Help Desk Technician / Analyst,Java Developer / Engineer,Network Engineer / Architect,Cyber Security Specialist / Technician,Windows Administrator,Data Analyst (General),ETL Developer,Systems Administrator,Cyber Security Engineer,Software Developer / Engineer,44,66,88,40,1,19,33,,,,,,,23,11,0,5,2,4
,22,LA,,4681666,137,498,3.64,Very Low,0.83,Low,Cyber Security Specialist / Technician,Cyber Security Engineer,IT Specialist / Engineer,Cyber Security Analyst,Network Engineer / Architect,IT Director,Incident Analyst / Responder,IT Auditor,IT Project Manager,Network Analyst / Specialist,42,73,86,54,0,22,42,,,,,,,6,11,0,7,3,5
,25,MA,,6811779,185,439,2.37,Very Low,0.62,Very Low,Cyber Security Engineer,Network Engineer / Architect,Systems Engineer,Technical Support Engineer / Analyst,Cyber Security Analyst,Cyber Security Manager / Administrator,Policy Analyst,Cyber Security Specialist / Technician,IT Auditor,Network Administrator,70,118,119,73,1,28,61,,,,,,,20,91,3,56,37,28
,24,MD,,6016447,1234,2887,2.34,Very Low,5.42,Very High,Cyber Security Specialist / Technician,Cyber Security Engineer,Software Developer / Engineer,IT Specialist / Engineer,Network Engineer / Architect,Cyber Security Analyst,Systems Administrator,Systems Engineer,Information Assurance Engineer / Analyst,Network Analyst / Specialist,415,741,839,472,17,199,243,,,,,,,123,171,1,40,35,75
,23,ME,,1331479,15,46,3.07,Very Low,0.29,Very Low,IT Specialist / Engineer,Cyber Security Specialist / Technician,Unix Administrator / Engineer,Network Analyst / Specialist,,,,,,,5,5,7,3,0,1,5,,,,,,,1,2,0,1,1,1
,26,MI,,9928300,129,259,2.01,Very Low,0.36,Very Low,Cyber Security Engineer,Cyber Security Specialist / Technician,Information Assurance Engineer / Analyst,Cyber Security Analyst,Network Analyst / Specialist,IT Specialist / Engineer,Systems Engineer,Computer Support Specialist,Help Desk Technician / Analyst,Web Developer,53,77,85,51,1,22,40,,,,,,,16,73,1,51,23,24
,27,MN,,5519952,112,318,2.84,Very Low,0.46,Very Low,Cyber Security Engineer,Cyber Security Analyst,IT Specialist / Engineer,Cyber Security Specialist / Technician,Systems Administrator,IT Manager,Cyber Security Architect,Data Analyst (General),Vulnerability Analyst / Penetration Tester,Computer Support Specialist,49,73,66,49,1,19,37,,,,,,,5,55,3,38,21,19
,29,MO,,6093000,192,604,3.15,Very Low,0.81,Low,Cyber Security Engineer,Cyber Security Specialist / Technician,IT Specialist / Engineer,Systems Engineer,Systems Integration Engineer / Specialist,Network Analyst / Specialist,Cyber Security Analyst,Information Assurance Engineer / Analyst,IT Director,Network Support Technician,73,119,127,82,2,30,52,,,,,,,13,44,1,30,15,14
,28,MS,,2988726,74,232,3.14,Very Low,0.77,Low,Cyber Security Specialist / Technician,Network Engineer / Architect,Cyber Security Engineer,Systems Administrator,IT Specialist / Engineer,Cyber Security Analyst,IT Director,Network Analyst / Specialist,Application Support Engineer / Analyst,Database Analyst / Developer,21,40,56,31,0,11,21,,,,,,,6,9,0,4,3,5
,30,MT,,1042520,15,63,4.2,Low,0.38,Very Low,Computer Support Specialist,Systems Support Specialist,Cyber Security Specialist / Technician,,,,,,,,6,7,10,6,1,2,5,,,,,,,0,1,0,1,0,1
,0,National,,323127513,12100,31634,2.6,Very Low,1,Average,Cyber Security Engineer,Cyber Security Specialist / Technician,IT Specialist / Engineer,Cyber Security Analyst,Network Engineer / Architect,Cyber Security Manager / Administrator,Systems Administrator,Software Developer / Engineer,Systems Engineer,Network Analyst / Specialist,4662,7316,7772,4767,101,1911,3428,,,,,,,1361,3079,70,1588,1014,1232
,37,NC,,10146788,206,543,2.64,Very Low,0.56,Very Low,Cyber Security Engineer,IT Specialist / Engineer,Cyber Security Specialist / Technician,Cyber Security Analyst,Computer Support Specialist,Network Analyst / Specialist,Network Engineer / Architect,Cyber Security Manager / Administrator,IT Auditor,Security / Defense Intelligence Analyst,88,127,133,89,3,31,61,,,,,,,33,95,2,58,34,38
,38,ND,,757952,10,26,2.6,Very Low,0.27,Very Low,Cyber Security Specialist / Technician,Cyber Security Manager / Administrator,Cyber Security Engineer,,,,,,,,3,5,6,4,0,1,3,,,,,,,1,2,0,1,0,1
,31,NE,,1907116,92,259,2.82,Very Low,1.1,Average,Cyber Security Engineer,Cyber Security Specialist / Technician,IT Specialist / Engineer,Application Support Engineer / Analyst,Information Assurance Engineer / Analyst,Unix Administrator / Engineer,Cyber Security Analyst,Software Developer / Engineer,Security / Defense Intelligence Analyst,IT Operations / Networking Manager,36,59,64,40,0,13,22,,,,,,,8,16,0,8,8,7
,33,NH,,1334795,28,87,3.11,Very Low,0.5,Very Low,Cyber Security Specialist / Technician,IT Specialist / Engineer,Application Support Engineer / Analyst,Network Analyst / Specialist,Network Engineer / Architect,Database Administrator,Systems Support Specialist,Cyber Security Manager / Administrator,,,11,14,19,11,0,5,9,,,,,,,3,5,0,3,2,2
,34,NJ,,8944469,60,141,2.35,Very Low,0.18,Very Low,Cyber Security Specialist / Technician,Network Analyst / Specialist,IT Specialist / Engineer,Software Developer / Engineer,Network Administrator,Cyber Security Engineer,Technical Manager / Director,Systems Analyst,Cyber Security Manager / Administrator,Network Engineer / Architect,27,37,38,27,1,10,20,,,,,,,13,106,1,68,48,34
,35,NM,,2081015,40,111,2.78,Very Low,0.58,Very Low,Cyber Security Engineer,Cyber Security Specialist / Technician,Software Developer / Engineer,Technical Consultant / Analyst,IT Specialist / Engineer,Network Engineer / Architect,Systems Administrator,Vulnerability Analyst / Penetration Tester,Application Developer / Engineer,Information Assurance Engineer / Analyst,10,18,29,15,0,6,10,,,,,,,16,11,0,1,2,3
,32,NV,,2940058,84,210,2.5,Very Low,0.77,Low,IT Specialist / Engineer,Cyber Security Specialist / Technician,Cyber Security Analyst,Network Administrator,Cyber Security Engineer,Vulnerability Analyst / Penetration Tester,Systems Support Specialist,Cyber Security Manager / Administrator,IT Manager,Technical Manager / Director,31,46,58,30,1,13,24,,,,,,,8,16,0,11,4,8
,36,NY,,19745289,433,1532,3.54,Very Low,0.55,Very Low,Cyber Security Analyst,Cyber Security Manager / Administrator,Network Engineer / Architect,Cyber Security Specialist / Technician,Cyber Security Engineer,Computer Support Specialist,IT Specialist / Engineer,IT Auditor,Software Developer / Engineer,Systems Administrator,192,261,255,180,4,64,170,,,,,,,14,147,6,103,61,41
,39,OH,,11614373,234,805,3.44,Very Low,0.51,Very Low,Cyber Security Engineer,IT Specialist / Engineer,Systems Analyst,Cyber Security Analyst,Cyber Security Specialist / Technician,Network Engineer / Architect,Technical Support Engineer / Analyst,Cyber Security Manager / Administrator,Information Assurance Engineer / Analyst,IT Director,97,143,155,92,2,35,62,,,,,,,19,68,1,44,22,19
,40,OK,,3923561,86,304,3.53,Very Low,0.63,Very Low,IT Specialist / Engineer,Cyber Security Specialist / Technician,Software Developer / Engineer,Computer Scientist / Researcher,Information Assurance Engineer / Analyst,Computer Support Specialist,Help Desk Technician / Analyst,Systems Administrator,Cyber Security Engineer,Computer Repair Technician,30,50,59,33,0,16,21,,,,,,,8,12,0,5,3,4
,41,OR,,4093465,142,308,2.17,Very Low,0.92,Average,Cyber Security Engineer,IT Specialist / Engineer,Cyber Security Specialist / Technician,Network Administrator,Network Engineer / Architect,Cyber Security Architect,Network Analyst / Specialist,Server Administrator,Cyber Security Analyst,Unix Administrator / Engineer,63,83,93,57,1,27,40,,,,,,,4,31,1,15,11,14
,42,PA,,12784227,185,526,2.84,Very Low,0.37,Very Low,IT Specialist / Engineer,Cyber Security Specialist / Technician,Cyber Security Engineer,Network Analyst / Specialist,Network Engineer / Architect,Information Assurance Engineer / Analyst,SharePoint Developer,Cyber Security Architect,Application Developer / Engineer,Systems Administrator,73,115,111,66,1,28,53,,,,,,,20,78,2,55,32,27
,44,RI,,1056426,41,130,3.17,Very Low,1,Average,Cyber Security Specialist / Technician,IT Specialist / Engineer,Information Assurance Engineer / Analyst,Cyber Security Engineer,Cyber Security Analyst,Computer Support Specialist,IT Auditor,Senior Software Developer / Engineer,,,18,26,30,19,0,6,12,,,,,,,4,12,0,7,7,5
,45,SC,,4961119,173,494,2.86,Very Low,1.01,Average,Cyber Security Engineer,Cyber Security Specialist / Technician,Software Developer / Engineer,Cyber Security Manager / Administrator,Systems Administrator,Cyber Security Analyst,Systems Support Specialist,IT Project Manager,IT Director,Systems Engineer,62,108,119,66,1,28,38,,,,,,,20,22,1,10,7,16
,46,SD,,865454,26,68,2.62,Very Low,0.72,Low,Cyber Security Specialist / Technician,Computer Support Specialist,Cyber Security Engineer,Network Analyst / Specialist,Cyber Security Manager / Administrator,,,,,,9,15,19,13,0,6,9,,,,,,,1,3,0,2,1,1
,47,TN,,6651194,96,283,2.95,Very Low,0.39,Very Low,IT Specialist / Engineer,IT Manager,Cyber Security Specialist / Technician,Cyber Security Manager / Administrator,Application Support Engineer / Analyst,Network Analyst / Specialist,Application Developer / Engineer,Systems Administrator,Cyber Security Analyst,IT Project Manager,37,55,64,39,0,16,30,,,,,,,7,29,0,20,13,13
,48,TX,,27862596,588,1902,3.23,Very Low,0.58,Very Low,Cyber Security Specialist / Technician,Cyber Security Engineer,Cyber Security Analyst,Systems Administrator,Network Engineer / Architect,IT Specialist / Engineer,Cyber Security Manager / Administrator,Software Developer / Engineer,Network Analyst / Specialist,Network Administrator,234,373,376,247,4,102,173,,,,,,,57,218,5,117,76,90
,49,UT,,3051217,55,146,2.65,Very Low,0.46,Very Low,Cyber Security Engineer,Cyber Security Analyst,Cyber Security Specialist / Technician,Network Analyst / Specialist,IT Specialist / Engineer,Systems Engineer,Unix Administrator / Engineer,Systems Integration Engineer / Specialist,Database Analyst / Developer,Software Developer / Engineer,20,32,36,23,0,9,14,,,,,,,11,16,1,7,5,7
,51,VA,,8411808,2138,4520,2.11,Very Low,6.6,Very High,Cyber Security Engineer,Cyber Security Specialist / Technician,Cyber Security Analyst,Network Engineer / Architect,Systems Engineer,Cyber Security Manager / Administrator,IT Specialist / Engineer,Software Developer / Engineer,Information Assurance Engineer / Analyst,Systems Administrator,716,1285,1428,795,25,341,451,,,,,,,333,425,4,123,108,193
,50,VT,,624594,20,47,2.35,Very Low,0.76,Low,Cyber Security Engineer,Network Support Technician,Network Analyst / Specialist,Cyber Security Analyst,IT Director,Cyber Security Specialist / Technician,,,,,5,14,14,9,1,3,7,,,,,,,1,4,0,1,0,1
,53,WA,,7288000,294,761,2.59,Very Low,1.11,Average,Cyber Security Specialist / Technician,Cyber Security Engineer,IT Specialist / Engineer,Software Developer / Engineer,Cyber Security Analyst,Cyber Security Manager / Administrator,Systems Administrator,IT Auditor,Network Analyst / Specialist,Technical Support Engineer / Analyst,118,176,173,116,2,47,95,,,,,,,15,67,3,38,26,24
,55,WI,,5778708,101,339,3.36,Very Low,0.42,Very Low,Cyber Security Analyst,Cyber Security Engineer,Network Administrator,IT Director,Cyber Security Manager / Administrator,Cyber Security Specialist / Technician,Network Analyst / Specialist,IT Auditor,Cisco Engineer,Security / Defense Intelligence Analyst,47,60,68,44,1,23,35,,,,,,,3,24,1,15,8,9
,54,WV,,1831102,61,154,2.52,Very Low,1.01,Average,Cyber Security Specialist / Technician,Cyber Security Engineer,IT Specialist / Engineer,Information Assurance Engineer / Analyst,Network Analyst / Specialist,Network Engineer / Architect,Database Architect,Incident Analyst / Responder,Software QA Engineer / Tester,Computer Support Specialist,18,33,42,24,1,8,18,,,,,,,8,9,0,3,2,5
,56,WY,,585501,14,37,2.64,Very Low,0.59,Very Low,Network Analyst / Specialist,IT Specialist / Engineer,Software QA Analyst,Cyber Security Manager / Administrator,,,,,,,4,7,10,6,0,2,5,,,,,,,1,1,0,0,0,1
,10180,,"Abilene, TX",170364,5,17,3.4,Very Low,0.91,Average,Cyber Security Specialist / Technician,,,,,,,,,,2,1,4,3,0,0,2,,,,,,,0,0,0,0,0,0
,10380,,"Aguadilla-Isabela, PR",309696,5,22,4.4,Low,1.33,High,IT Specialist / Engineer,Network Analyst / Specialist,,,,,,,,,2,1,4,2,0,1,0,,,,,,,0,0,0,0,0,0
,10420,,"Akron, OH",702221,1,6,6,Average,0.04,Very Low,,,,,,,,,,,0,1,1,0,0,0,0,,,,,,,0,1,0,0,1,0
,10580,,"Albany-Schenectady-Troy, NY",881839,88,317,3.6,Very Low,2.31,Very High,IT Auditor,Cyber Security Manager / Administrator,Cyber Security Analyst,Systems Engineer,Cyber Security Specialist / Technician,Application Support Engineer / Analyst,Software Developer / Engineer,Technical Support Engineer / Analyst,Incident Analyst / Responder,Database Analyst / Developer,36,46,49,33,1,11,34,,,,,,,0,5,0,3,2,2
,10500,,"Albany, GA",152219,8,14,1.75,Very Low,1.59,Very High,Cyber Security Specialist / Technician,Cyber Security Engineer,,,,,,,,,2,3,5,2,0,0,1,,,,,,,2,1,0,0,0,1
,10540,,"Albany, OR",122849,0,0,0,0,0,Very Low,,,,,,,,,,,0,0,0,0,0,0,0,,,,,,,0,0,0,0,0,0
,10740,,"Albuquerque, NM",909906,22,58,2.64,Very Low,0.67,Very Low,Cyber Security Specialist / Technician,Cyber Security Engineer,Technical Consultant / Analyst,Software Developer / Engineer,Network Engineer / Architect,,,,,,7,12,16,9,0,4,5,,,,,,,8,9,0,1,2,2
,10780,,"Alexandria, LA",154789,4,15,3.75,Low,0.76,Low,IT Specialist / Engineer,Telecommunications Specialist / Engineer,Cyber Security Specialist / Technician,,,,,,,,0,2,3,2,0,1,3,,,,,,,0,0,0,0,0,0
,10900,,"Allentown-Bethlehem-Easton, PA-NJ",835652,0,0,0,0,0,Very Low,,,,,,,,,,,0,0,0,0,0,0,0,,,,,,,1,1,0,1,0,0
,11020,,"Altoona, PA",124650,0,0,0,0,0,Very Low,,,,,,,,,,,0,0,0,0,0,0,0,,,,,,,0,0,0,0,0,0
,11100,,"Amarillo, TX",263342,0,0,0,0,0,Very Low,,,,,,,,,,,0,0,0,0,0,0,0,,,,,,,0,0,0,0,0,0
,11180,,"Ames, IA",97090,1,2,2,Very Low,0.27,Very Low,IT Specialist / Engineer,,,,,,,,,,1,1,1,0,0,0,0,,,,,,,0,0,0,0,0,0
,11260,,"Anchorage, AK",402557,36,90,2.5,Very Low,2.37,Very High,Cyber Security Specialist / Technician,IT Specialist / Engineer,Cyber Security Engineer,Systems Administrator,Software Developer / Engineer,Systems Engineer,,,,,12,18,26,15,0,5,8,,,,,,,2,1,0,1,1,1
,11460,,"Ann Arbor, MI",364709,4,9,2.25,Very Low,0.22,Very Low,Vulnerability Analyst / Penetration Tester,Exchange Engineer,,,,,,,,,2,3,3,2,0,1,1,,,,,,,0,5,0,2,2,1
,11500,,"Anniston-Oxford-Jacksonville, AL",114611,0,0,0,0,0,Very Low,,,,,,,,,,,0,0,0,0,0,0,0,,,,,,,0,0,0,0,0,0
,11540,,"Appleton, WI",234079,0,0,0,0,0,Very Low,,,,,,,,,,,0,0,0,0,0,0,0,,,,,,,0,1,0,0,0,0
,11700,,"Asheville, NC",452319,3,7,2.33,Very Low,0.19,Very Low,,,,,,,,,,,1,1,2,1,0,0,1,,,,,,,0,1,0,0,1,0
,12020,,"Athens-Clarke County, GA",205290,0,0,0,0,0,Very Low,,,,,,,,,,,0,0,0,0,0,0,0,,,,,,,0,0,0,0,0,0
,12060,,"Atlanta-Sandy Springs-Roswell, GA",5789700,122,294,2.41,Very Low,0.55,Very Low,Cyber Security Engineer,Network Engineer / Architect,Cyber Security Specialist / Technician,IT Specialist / Engineer,Information Assurance Engineer / Analyst,Network Analyst / Specialist,IT Director,GIS Analyst,Cyber Security Manager / Administrator,Telecommunications Specialist / Engineer,52,79,76,51,1,20,36,,,,,,,11,104,2,65,43,38
,12100,,"Atlantic City-Hammonton, NJ",270991,10,46,4.6,Average,0.92,Average,Network Analyst / Specialist,Cyber Security Architect,Cyber Security Engineer,,,,,,,,2,6,7,5,0,1,4,,,,,,,0,1,0,0,0,0
,12220,,"Auburn-Opelika, AL",158991,0,0,0,0,0,Very Low,,,,,,,,,,,0,0,0,0,0,0,0,,,,,,,0,0,0,0,0,0
,12260,,"Augusta-Richmond County, GA-SC",594919,85,234,2.75,Very Low,4.61,Very High,Cyber Security Engineer,Cyber Security Specialist / Technician,Urban / Transportation Planner,Incident Analyst / Responder,IT Specialist / Engineer,Information Assurance Engineer / Analyst,Network Engineer / Architect,Systems Support Specialist,IT Director,Senior Data Scientist,25,41,59,41,0,16,18,,,,,,,5,3,0,1,1,2
,12420,,"Austin-Round Rock, TX",2056405,116,353,3.04,Very Low,1.39,High,Network Engineer / Architect,Cyber Security Analyst,Systems Administrator,Cyber Security Manager / Administrator,Network Administrator,IT Auditor,Computer Support Specialist,IT Director,Data Specialist,Business / Systems Analyst,38,80,71,45,1,17,33,,,,,,,2,24,1,13,8,10
,12540,,"Bakersfield, CA",884788,19,45,2.37,Very Low,0.75,Low,Cyber Security Engineer,Cyber Security Specialist / Technician,IT Specialist / Engineer,Network Analyst / Specialist,Vulnerability Analyst / Penetration Tester,,,,,,6,8,15,6,0,3,4,,,,,,,9,3,0,1,1,1
,12580,,"Baltimore-Columbia-Towson, MD",2798886,676,1542,2.28,Very Low,5.84,Very High,Software Developer / Engineer,Cyber Security Engineer,Cyber Security Specialist / Technician,Network Engineer / Architect,Senior Software Developer / Engineer,IT Specialist / Engineer,Cyber Security Analyst,Security / Defense Intelligence Analyst,Systems Administrator,Information Assurance Engineer / Analyst,233,418,445,266,11,111,126,,,,,,,63,97,1,21,17,41
70750,12620,,"Bangor, ME",151806,0,0,0,0,0,Very Low,,,,,,,,,,,0,0,0,0,0,0,0,,,,,,,0,0,0,0,0,0
70900,12700,,"Barnstable Town, MA",214276,0,0,0,0,0,Very Low,,,,,,,,,,,0,0,0,0,0,0,0,,,,,,,0,0,0,0,0,0
,12940,,"Baton Rouge, LA",835175,26,86,3.31,Very Low,0.76,Low,IT Director,Incident Analyst / Responder,Cyber Security Engineer,Cyber Security Manager / Administrator,Systems Support Specialist,Network Engineer / Architect,,,,,8,13,15,10,0,5,10,,,,,,,1,2,0,4,1,2
,12980,,"Battle Creek, MI",134386,19,44,2.32,Very Low,4.06,Very High,Cyber Security Specialist / Technician,Network Analyst / Specialist,IT Specialist / Engineer,Computer Support Specialist,,,,,,,3,9,15,6,0,1,2,,,,,,,1,1,0,1,0,1
,13020,,"Bay City, MI",104747,0,0,0,0,0,Very Low,,,,,,,,,,,0,0,0,0,0,0,0,,,,,,,0,0,0,0,0,0
,13140,,"Beaumont-Port Arthur, TX",409968,7,36,5.14,Average,0.5,Very Low,Computer Support Specialist,Cyber Security Engineer,,,,,,,,,1,4,6,3,0,0,2,,,,,,,0,0,0,0,0,0
,13220,,"Beckley, WV",120924,4,11,2.75,Very Low,1.08,Average,IT Specialist / Engineer,,,,,,,,,,0,2,2,1,0,0,2,,,,,,,0,0,0,0,0,0
,13380,,"Bellingham, WA",216800,0,0,0,0,0,Very Low,,,,,,,,,,,0,0,0,0,0,0,0,,,,,,,0,0,0,0,0,0
,13460,,"Bend-Redmond, OR",181307,2,8,4,Low,0.31,Very Low,Cyber Security Architect,Software Architect,,,,,,,,,1,1,1,1,0,1,0,,,,,,,0,0,0,0,0,0
,13740,,"Billings, MT",169728,0,0,0,0,0,Very Low,,,,,,,,,,,0,0,0,0,0,0,0,,,,,,,0,0,0,0,0,0
,13780,,"Binghamton, NY",244094,1,3,3,Very Low,0.11,Very Low,IT Specialist / Engineer,,,,,,,,,,0,1,1,1,0,0,1,,,,,,,0,1,0,0,0,0
,13820,,"Birmingham-Hoover, AL",1147417,4,15,3.75,Low,0.09,Very Low,Network Analyst / Specialist,Chief Information Officer,,,,,,,,,2,3,3,2,0,1,1,,,,,,,1,7,0,6,2,3
,13900,,"Bismarck, ND",131635,2,9,4.5,Average,0.31,Very Low,Cyber Security Specialist / Technician,,,,,,,,,,1,1,2,1,0,0,1,,,,,,,0,0,0,0,0,0
,13980,,"Blacksburg-Christiansburg-Radford, VA",182876,12,29,2.42,Very Low,2.01,Very High,Information Assurance Engineer / Analyst,Unix Administrator / Engineer,Senior Software Developer / Engineer,VMware Engineer / Administrator,Systems Engineer,Systems Administrator,IT Manager,,,,2,6,8,2,0,1,1,,,,,,,2,1,0,0,0,0
,14010,,"Bloomington, IL",188644,3,23,7.67,High,0.39,Very Low,Cyber Security Analyst,Cyber Security Engineer,,,,,,,,,2,2,2,2,0,1,1,,,,,,,0,2,0,1,0,0
,14020,,"Bloomington, IN",166336,0,0,0,0,0,Very Low,,,,,,,,,,,0,0,0,0,0,0,0,,,,,,,0,1,0,0,0,0
,14100,,"Bloomsburg-Berwick, PA",84763,0,0,0,0,0,Very Low,,,,,,,,,,,0,0,0,0,0,0,0,,,,,,,0,0,0,0,0,0
,14260,,"Boise City, ID",691423,49,156,3.18,Very Low,1.92,Very High,Cyber Security Specialist / Technician,Network Analyst / Specialist,Network Administrator,Cyber Security Analyst,Cyber Security Engineer,IT Specialist / Engineer,IT Manager,Cyber Security Manager / Administrator,Cyber Security Architect,IT Director,19,29,34,18,0,10,14,,,,,,,1,3,0,2,1,1
71650,14460,,"Boston-Cambridge-Nashua, MA-NH",4915448,143,324,2.27,Very Low,0.62,Very Low,Network Engineer / Architect,Cyber Security Engineer,Systems Engineer,Cyber Security Analyst,Technical Support Engineer / Analyst,IT Auditor,Cyber Security Manager / Administrator,Policy Analyst,Network Administrator,IT Director,54,91,92,56,1,22,47,,,,,,,18,86,3,54,35,27
,14500,,"Boulder, CO",322226,14,33,2.36,Very Low,0.92,Average,Cyber Security Specialist / Technician,Cyber Security Engineer,GIS Analyst,IT Specialist / Engineer,Information Assurance Engineer / Analyst,,,,,,5,9,9,5,0,3,4,,,,,,,2,5,0,1,1,1
,14540,,"Bowling Green, KY",171122,0,0,0,0,0,Very Low,,,,,,,,,,,0,0,0,0,0,0,0,,,,,,,0,0,0,0,0,0
,14740,,"Bremerton-Silverdale, WA",264811,25,103,4.12,Low,3.46,Very High,Cyber Security Specialist / Technician,Cyber Security Engineer,Network Analyst / Specialist,IT Project Manager,Incident Analyst / Responder,IT Specialist / Engineer,,,,,5,9,18,7,0,4,2,,,,,,,2,1,0,0,0,1
71950,14860,,"Bridgeport-Stamford-Norwalk, CT",944177,13,29,2.23,Very Low,0.36,Very Low,Network Engineer / Architect,IT Auditor,Network Analyst / Specialist,,,,,,,,5,9,9,6,0,2,4,,,,,,,2,15,1,10,5,5
,15180,,"Brownsville-Harlingen, TX",422135,0,0,0,0,0,Very Low,,,,,,,,,,,0,0,0,0,0,0,0,,,,,,,0,0,0,0,0,0
,15260,,"Brunswick, GA",116784,0,0,0,0,0,Very Low,,,,,,,,,,,0,0,0,0,0,0,0,,,,,,,0,0,0,0,0,0
,15380,,"Buffalo-Cheektowaga-Niagara Falls, NY",1132804,15,70,4.67,Average,0.32,Very Low,Computer Support Specialist,Cyber Security Analyst,Systems Administrator,Cyber Security Specialist / Technician,,,,,,,8,8,10,7,0,4,4,,,,,,,1,4,0,3,1,1
72400,15540,,"Burlington-South Burlington, VT",217365,18,47,2.61,Very Low,1.7,Very High,Cyber Security Engineer,Network Support Technician,Cyber Security Analyst,Cyber Security Specialist / Technician,,,,,,,3,13,12,7,1,1,4,,,,,,,0,2,0,1,0,1
,15500,,"Burlington, NC",159688,0,0,0,0,0,Very Low,,,,,,,,,,,0,0,0,0,0,0,0,,,,,,,0,0,0,0,0,0
,15680,,"California-Lexington Park, MD",112587,37,79,2.14,Very Low,9.76,Very High,Systems Analyst,Unix Administrator / Engineer,Information Assurance Engineer / Analyst,Cyber Security Engineer,Systems Administrator,IT Specialist / Engineer,Network Administrator,Storage Engineer,Citrix Engineer,Computer Support Specialist,13,18,30,12,0,4,5,,,,,,,14,4,0,0,1,1
,15940,,"Canton-Massillon, OH",401281,1,6,6,Average,0.07,Very Low,Network Administrator,,,,,,,,,,1,1,1,1,0,1,0,,,,,,,0,1,0,0,1,0
,15980,,"Cape Coral-Fort Myers, FL",722336,30,120,4,Low,1.39,High,Cyber Security Analyst,Software Developer / Engineer,Computer Support Specialist,,,,,,,,10,8,17,8,0,3,11,,,,,,,0,1,0,0,0,1
,16020,,"Cape Girardeau, MO-IL",97443,5,23,4.6,Average,1.35,High,Cyber Security Engineer,,,,,,,,,,2,2,3,2,0,1,4,,,,,,,0,0,0,0,0,0
,16060,,"Carbondale-Marion, IL",126430,0,0,0,0,0,Very Low,,,,,,,,,,,0,0,0,0,0,0,0,,,,,,,0,0,0,0,0,0
,16180,,"Carson City, NV",54742,15,29,1.93,Very Low,6.26,Very High,IT Specialist / Engineer,Cyber Security Specialist / Technician,IT Manager,IT Project Manager,Technical Support Engineer / Analyst,,,,,,7,8,9,7,1,2,4,,,,,,,0,0,0,0,0,0
,16220,,"Casper, WY",81039,4,19,4.75,Average,1.14,Average,,,,,,,,,,,3,3,4,3,0,2,1,,,,,,,0,0,0,0,0,0
,16300,,"Cedar Rapids, IA",267799,0,0,0,0,0,Very Low,,,,,,,,,,,0,0,0,0,0,0,0,,,,,,,0,2,0,2,1,0
,16540,,"Chambersburg-Waynesboro, PA",153851,19,75,3.95,Low,3.84,Very High,SharePoint Developer,Systems Administrator,Information Assurance Engineer / Analyst,Help Desk Technician / Analyst,Application Developer / Engineer,Cyber Security Specialist / Technician,Network Engineer / Architect,Windows Administrator,,,4,10,13,6,0,1,2,,,,,,,2,2,0,0,0,1
,16580,,"Champaign-Urbana, IL",238554,1,2,2,Very Low,0.12,Very Low,Technical Support Engineer / Analyst,,,,,,,,,,0,1,1,0,0,0,0,,,,,,,0,1,0,1,0,0
,16700,,"Charleston-North Charleston, SC",761155,70,194,2.77,Very Low,2.48,Very High,Cyber Security Engineer,Software Developer / Engineer,Cyber Security Specialist / Technician,Systems Engineer,Cyber Security Analyst,Systems Support Specialist,Information Assurance Engineer / Analyst,Network Engineer / Architect,Database Administrator,Data Warehouse Developer,18,48,46,21,0,6,10,,,,,,,13,8,0,2,2,6
,16620,,"Charleston, WV",217916,6,15,2.5,Very Low,0.61,Very Low,Cyber Security Specialist / Technician,IT Specialist / Engineer,Cyber Security Engineer,,,,,,,,2,3,4,3,0,1,2,,,,,,,0,1,0,0,0,1
,16740,,"Charlotte-Concord-Gastonia, NC-SC",2474314,49,105,2.14,Very Low,0.49,Very Low,Cyber Security Engineer,Network Analyst / Specialist,IT Specialist / Engineer,Cyber Security Analyst,Systems Analyst,Business Intelligence Analyst,IT Auditor,Business Analyst (General),IT Manager,Network Engineer / Architect,24,32,30,21,1,7,15,,,,,,,1,38,1,33,15,11
,16820,,"Charlottesville, VA",231349,18,55,3.06,Very Low,1.93,Very High,Cyber Security Engineer,Cyber Security Analyst,IT Director,Network Analyst / Specialist,Senior Business Analyst,IT Specialist / Engineer,Cyber Crime Analyst / Investigator,,,,6,11,12,6,0,3,4,,,,,,,2,2,0,1,1,1
,16860,,"Chattanooga, TN-GA",551632,2,6,3,Very Low,0.1,Very Low,,,,,,,,,,,1,1,1,1,0,0,1,,,,,,,0,3,0,1,1,2
,16940,,"Cheyenne, WY",98136,11,15,1.36,Very Low,2.81,Very High,Network Analyst / Specialist,IT Specialist / Engineer,Software QA Analyst,Cyber Security Manager / Administrator,,,,,,,4,6,8,5,0,1,4,,,,,,,1,1,0,0,0,1
,16980,,"Chicago-Naperville-Elgin, IL-IN-WI",9512999,188,473,2.52,Very Low,0.48,Very Low,IT Specialist / Engineer,Cyber Security Engineer,Network Analyst / Specialist,Network Engineer / Architect,Cyber Security Specialist / Technician,Cyber Security Manager / Administrator,Cyber Security Consultant,Software Developer / Engineer,Unix Administrator / Engineer,Cyber Security Architect,85,116,114,75,2,30,65,,,,,,,12,130,5,83,48,48
,17020,,"Chico, CA",226864,1,7,7,Average,0.16,Very Low,Cyber Security Engineer,,,,,,,,,,1,0,1,0,0,0,1,,,,,,,0,0,0,0,0,0
,17140,,"Cincinnati, OH-KY-IN",2165139,26,120,4.62,Average,0.29,Very Low,Systems Analyst,IT Director,Cyber Security Specialist / Technician,Exchange Engineer,Cyber Security Analyst,Cyber Security Manager / Administrator,,,,,12,15,16,9,0,4,8,,,,,,,2,14,0,9,4,4
,17300,,"Clarksville, TN-KY",282349,8,21,2.63,Very Low,1.1,Average,Database Administrator,Cyber Security Specialist / Technician,,,,,,,,,1,2,5,1,0,0,1,,,,,,,3,0,0,0,0,0
,17460,,"Cleveland-Elyria, OH",2055612,32,105,3.28,Very Low,0.36,Very Low,Cyber Security Engineer,IT Specialist / Engineer,Cyber Security Specialist / Technician,Software Developer / Engineer,IT Manager,Application Developer / Engineer,Cyber Security Analyst,,,,16,21,22,14,0,7,9,,,,,,,1,12,0,11,5,3
,17420,,"Cleveland, TN",121262,0,0,0,0,0,Very Low,,,,,,,,,,,0,0,0,0,0,0,0,,,,,,,0,0,0,0,0,0
,17660,,"Coeur d'Alene, ID",154311,0,0,0,0,0,Very Low,,,,,,,,,,,0,0,0,0,0,0,0,,,,,,,0,0,0,0,0,0
,17780,,"College Station-Bryan, TX",254928,2,11,5.5,Average,0.22,Very Low,Cyber Security Engineer,Systems Administrator,,,,,,,,,1,1,1,1,0,1,1,,,,,,,0,0,0,0,0,0
,17820,,"Colorado Springs, CO",712327,183,345,1.89,Very Low,7.89,Very High,Systems Administrator,Systems Engineer,Software Developer / Engineer,Help Desk Technician / Analyst,Cyber Security Specialist / Technician,Cyber Security Engineer,IT Specialist / Engineer,Information Assurance Engineer / Analyst,Network Engineer / Architect,Cyber Security Analyst,45,117,133,54,1,22,22,,,,,,,61,48,0,14,6,29
,17860,,"Columbia, MO",176594,1,5,5,Average,0.13,Very Low,IT Specialist / Engineer,,,,,,,,,,0,0,1,0,0,0,0,,,,,,,0,0,0,0,0,0
,17900,,"Columbia, SC",817488,28,89,3.18,Very Low,0.87,Average,Business / Systems Analyst,Cyber Security Analyst,IT Director,IT Project Manager,,,,,,,13,19,21,13,0,7,8,,,,,,,2,7,0,3,3,6
,17980,,"Columbus, GA-AL",308755,8,21,2.63,Very Low,0.83,Low,IT Specialist / Engineer,Software Developer / Engineer,Cyber Security Analyst,Cyber Security Engineer,,,,,,,3,4,6,4,0,2,3,,,,,,,2,5,0,2,2,2
,18020,,"Columbus, IN",81402,0,0,0,0,0,Very Low,,,,,,,,,,,0,0,0,0,0,0,0,,,,,,,0,0,0,0,0,0
,18140,,"Columbus, OH",2041520,36,97,2.69,Very Low,0.41,Very Low,IT Specialist / Engineer,Cyber Security Engineer,Network Engineer / Architect,Cyber Security Analyst,Cyber Security Specialist / Technician,.NET Developer / Engineer,Technical Manager / Director,Network Analyst / Specialist,,,16,22,24,15,0,5,10,,,,,,,4,27,0,20,10,8
,18580,,"Corpus Christi, TX",454726,2,15,7.5,High,0.12,Very Low,Cyber Security Specialist / Technician,,,,,,,,,,1,1,2,1,0,0,1,,,,,,,0,0,0,0,0,0
,18700,,"Corvallis, OR",89385,2,2,1,Very Low,0.7,Low,Cyber Security Engineer,,,,,,,,,,1,1,1,1,0,1,1,,,,,,,0,1,0,0,0,0
,18880,,"Crestview-Fort Walton Beach-Destin, FL",267059,46,91,1.98,Very Low,5.04,Very High,Cyber Security Specialist / Technician,Cyber Security Engineer,Network Administrator,Cyber Security Manager / Administrator,IT Specialist / Engineer,GIS Analyst,Systems Support Specialist,Systems Administrator,Computer Support Specialist,Network Engineer / Architect,12,19,34,14,1,7,10,,,,,,,13,4,0,0,1,1
,19060,,"Cumberland, MD-WV",99541,10,27,2.7,Very Low,3.2,Very High,Cyber Security Specialist / Technician,IT Specialist / Engineer,Cyber Security Engineer,,,,,,,,1,6,9,5,0,1,4,,,,,,,0,1,0,1,0,0
,19100,,"Dallas-Fort Worth-Arlington, TX",7233323,102,264,2.59,Very Low,0.35,Very Low,IT Specialist / Engineer,Cyber Security Engineer,GIS Analyst,Systems Administrator,Urban / Transportation Planner,Network Engineer / Architect,Cyber Security Analyst,Data Analyst (General),IT Manager,Network Analyst / Specialist,43,69,66,45,1,18,31,,,,,,,13,115,3,64,41,40
,19140,,"Dalton, GA",143904,0,0,0,0,0,Very Low,,,,,,,,,,,0,0,0,0,0,0,0,,,,,,,0,0,0,0,0,0
,19180,,"Danville, IL",78111,0,0,0,0,0,Very Low,,,,,,,,,,,0,0,0,0,0,0,0,,,,,,,0,0,0,0,0,0
,19300,,"Daphne-Fairhope-Foley, AL",208563,0,0,0,0,0,Very Low,,,,,,,,,,,0,0,0,0,0,0,0,,,,,,,0,0,0,0,0,0
,19340,,"Davenport-Moline-Rock Island, IA-IL",382268,54,117,2.17,Very Low,3.47,Very High,Computer Operator,Cyber Security Analyst,Information Assurance Engineer / Analyst,Cyber Security Specialist / Technician,Help Desk Technician / Analyst,Network Administrator,Web Developer,Application Developer / Engineer,Software Developer / Engineer,Technical Support Engineer / Analyst,22,27,37,23,0,11,8,,,,,,,5,2,0,0,0,1
,19380,,"Dayton, OH",800683,87,214,2.46,Very Low,2.72,Very High,Cyber Security Engineer,Technical Support Engineer / Analyst,Information Assurance Engineer / Analyst,Cyber Security Analyst,Systems Engineer,Web Developer,Senior Business Analyst,Database Architect,Embedded Software Engineer,Oracle Database Administrator,21,55,62,31,0,11,14,,,,,,,10,8,0,2,2,2
,19460,,"Decatur, AL",152256,0,0,0,0,0,Very Low,,,,,,,,,,,0,0,0,0,0,0,0,,,,,,,0,0,0,0,0,0
,19500,,"Decatur, IL",106550,0,0,0,0,0,Very Low,,,,,,,,,,,0,0,0,0,0,0,0,,,,,,,0,0,0,0,0,0
,19660,,"Deltona-Daytona Beach-Ormond Beach, FL",637674,12,55,4.58,Average,0.73,Low,Systems Analyst,Cyber Security Analyst,Network Analyst / Specialist,GIS Analyst,,,,,,,3,6,8,4,0,2,3,,,,,,,0,1,0,1,1,0
,19740,,"Denver-Aurora-Lakewood, CO",2853077,197,396,2.01,Very Low,1.61,Very High,Cyber Security Engineer,Cyber Security Specialist / Technician,Systems Administrator,Cyber Security Manager / Administrator,Cyber Security Analyst,IT Specialist / Engineer,Cyber Security Consultant,IT Director,Network Engineer / Architect,Network Analyst / Specialist,72,131,128,79,1,29,59,,,,,,,26,67,2,33,23,27
,19780,,"Des Moines-West Des Moines, IA",634725,50,88,1.76,Very Low,1.64,Very High,IT Specialist / Engineer,Cyber Security Engineer,Cyber Security Specialist / Technician,Network Analyst / Specialist,Software Development / Engineering Manager,Network Administrator,Network Engineer / Architect,Telecommunications Specialist / Engineer,Systems Engineer,Systems Administrator,23,34,29,19,0,7,15,,,,,,,0,13,0,11,4,4
,19820,,"Detroit-Warren-Dearborn, MI",4297617,76,144,1.89,Very Low,0.46,Very Low,Cyber Security Engineer,Cyber Security Analyst,Systems Engineer,Cyber Security Specialist / Technician,Network Analyst / Specialist,Web Developer,Information Assurance Engineer / Analyst,Computer Support Specialist,Network Administrator,IT Specialist / Engineer,32,47,50,31,0,12,23,,,,,,,6,49,1,35,16,18
,20020,,"Dothan, AL",147834,1,5,5,Average,0.21,Very Low,IT Specialist / Engineer,,,,,,,,,,0,1,1,1,0,0,0,,,,,,,0,0,0,0,0,0
73050,73050,,"Dover-Durham, NH-ME",148050,0,0,0,0,0,Very Low,,,,,,,,,,,0,0,0,0,0,0,0,,,,,,,0,0,0,0,0,0
,20100,,"Dover, DE",174827,3,5,1.67,Very Low,0.55,Very Low,Cyber Security Manager / Administrator,,,,,,,,,,1,2,2,1,0,0,1,,,,,,,0,1,0,1,0,0
,20220,,"Dubuque, IA",97003,0,0,0,0,0,Very Low,,,,,,,,,,,0,0,0,0,0,0,0,,,,,,,0,0,0,0,0,0
,20260,,"Duluth, MN-WI",279227,6,32,5.33,Average,0.55,Very Low,IT Specialist / Engineer,IT Manager,Cyber Security Specialist / Technician,,,,,,,,1,2,3,3,0,0,2,,,,,,,0,0,0,0,0,0
,20500,,"Durham-Chapel Hill, NC",559535,30,92,3.07,Very Low,1.19,Average,Cyber Security Specialist / Technician,Cyber Security Analyst,Computer Support Specialist,Cyber Security Manager / Administrator,Systems Support Specialist,Information Assurance Engineer / Analyst,Incident Analyst / Responder,Systems Administrator,,,9,21,21,15,1,4,7,,,,,,,2,10,0,4,2,4
,20700,,"East Stroudsburg, PA",166098,3,12,4,Low,0.64,Very Low,Cyber Security Specialist / Technician,IT Specialist / Engineer,,,,,,,,,0,2,3,2,0,0,0,,,,,,,0,0,0,0,0,0
,20740,,"Eau Claire, WI",166614,1,8,8,High,0.14,Very Low,IT Specialist / Engineer,,,,,,,,,,0,1,1,1,0,0,0,,,,,,,0,0,0,0,0,0
,20940,,"El Centro, CA",180883,0,0,0,0,0,Very Low,,,,,,,,,,,0,0,0,0,0,0,0,,,,,,,0,0,0,0,0,0
,21340,,"El Paso, TX",841971,12,71,5.92,Average,0.47,Very Low,Cyber Security Specialist / Technician,,,,,,,,,,3,5,7,5,0,1,3,,,,,,,3,1,0,1,0,1
,21060,,"Elizabethtown-Fort Knox, KY",149538,105,251,2.39,Very Low,22.9,Very High,Help Desk Technician / Analyst,Java Developer / Engineer,Windows Administrator,Data Analyst (General),ETL Developer,Software Developer / Engineer,Senior .NET Developer / Engineer,Systems Analyst,Data Warehouse Developer,Cyber Security Specialist / Technician,21,45,66,12,0,5,8,,,,,,,18,1,0,0,0,0
,21140,,"Elkhart-Goshen, IN",203781,0,0,0,0,0,Very Low,,,,,,,,,,,0,0,0,0,0,0,0,,,,,,,0,0,0,0,0,0
,21300,,"Elmira, NY",86322,0,0,0,0,0,Very Low,,,,,,,,,,,0,0,0,0,0,0,0,,,,,,,0,0,0,0,0,0
,21500,,"Erie, PA",276207,1,5,5,Average,0.09,Very Low,,,,,,,,,,,0,1,1,0,0,0,0,,,,,,,0,0,0,0,0,0
,21660,,"Eugene, OR",369519,9,30,3.33,Very Low,0.72,Low,Network Engineer / Architect,Cyber Security Engineer,,,,,,,,,3,5,6,3,0,2,2,,,,,,,0,1,0,0,0,0
,21780,,"Evansville, IN-KY",315948,1,8,8,High,0.08,Very Low,,,,,,,,,,,1,1,1,1,0,0,0,,,,,,,0,0,0,0,0,0
,21820,,"Fairbanks, AK",100605,7,18,2.57,Very Low,2.19,Very High,IT Specialist / Engineer,Cyber Security Engineer,Network Analyst / Specialist,,,,,,,,2,3,5,2,0,1,2,,,,,,,1,1,0,0,0,1
,22020,,"Fargo, ND-MN",238124,0,0,0,0,0,Very Low,,,,,,,,,,,0,0,0,0,0,0,0,,,,,,,0,1,0,1,0,0
,22140,,"Farmington, NM",115079,1,3,3,Very Low,0.23,Very Low,Vulnerability Analyst / Penetration Tester,,,,,,,,,,0,1,1,1,0,0,0,,,,,,,0,0,0,0,0,0
,22220,,"Fayetteville-Springdale-Rogers, AR-MO",525032,0,0,0,0,0,Very Low,,,,,,,,,,,0,0,0,0,0,0,0,,,,,,,0,3,0,2,1,1
,22180,,"Fayetteville, NC",380389,33,73,2.21,Very Low,3.04,Very High,Cyber Security Engineer,Cyber Security Specialist / Technician,IT Specialist / Engineer,Computer Support Specialist,SharePoint Developer,Enterprise Architect,Network Engineer / Architect,Technical Manager / Director,Investment Operations Analyst,Software Developer / Engineer,10,11,25,10,1,4,6,,,,,,,17,5,0,1,2,2
,22380,,"Flagstaff, AZ",140908,6,19,3.17,Very Low,1.12,Average,Systems Administrator,Cyber Security Engineer,IT Director,Cyber Security Manager / Administrator,,,,,,,1,2,4,2,0,1,2,,,,,,,0,0,0,0,0,0
,22420,,"Flint, MI",408615,0,0,0,0,0,Very Low,,,,,,,,,,,0,0,0,0,0,0,0,,,,,,,0,0,0,0,0,1
,22520,,"Florence-Muscle Shoals, AL",146534,0,0,0,0,0,Very Low,,,,,,,,,,,0,0,0,0,0,0,0,,,,,,,0,0,0,0,0,0
,22500,,"Florence, SC",205976,0,0,0,0,0,Very Low,,,,,,,,,,,0,0,0,0,0,0,0,,,,,,,0,0,0,0,0,0
,22540,,"Fond du Lac, WI",102144,1,2,2,Very Low,0.26,Very Low,Cyber Security Engineer,,,,,,,,,,1,1,0,0,0,0,0,,,,,,,0,0,0,0,0,0
,22660,,"Fort Collins, CO",339993,17,40,2.35,Very Low,1.32,High,GIS Analyst,IT Specialist / Engineer,Programmer / Analyst,Cyber Security Manager / Administrator,IT Manager,,,,,,7,11,12,7,0,4,3,,,,,,,0,0,0,0,0,1
,22900,,"Fort Smith, AR-OK",281227,3,14,4.67,Average,0.32,Very Low,GIS Analyst,,,,,,,,,,2,2,2,1,0,0,1,,,,,,,0,0,0,0,0,0
,23060,,"Fort Wayne, IN",431802,3,18,6,Average,0.16,Very Low,IT Specialist / Engineer,Network Analyst / Specialist,Cyber Security Engineer,,,,,,,,2,2,2,1,0,1,1,,,,,,,0,1,0,1,0,1
,23420,,"Fresno, CA",979915,4,24,6,Average,0.13,Very Low,Cyber Security Specialist / Technician,Network Analyst / Specialist,,,,,,,,,1,2,2,1,0,1,2,,,,,,,0,1,0,0,0,1
,23460,,"Gadsden, AL",102564,0,0,0,0,0,0,,,,,,,,,,,0,0,0,0,0,0,0,,,,,,,0,0,0,0,0,0
,23540,,"Gainesville, FL",280708,12,48,4,Low,1.09,Average,Network Engineer / Architect,Network Administrator,Application Support Engineer / Analyst,Systems Engineer,,,,,,,3,5,6,3,0,2,3,,,,,,,0,0,0,0,0,0
,23580,,"Gainesville, GA",196637,0,0,0,0,0,Very Low,,,,,,,,,,,0,0,0,0,0,0,0,,,,,,,0,0,0,0,0,0
,23900,,"Gettysburg, PA",102180,2,5,2.5,Very Low,0.72,Low,Cyber Security Engineer,,,,,,,,,,0,1,2,0,0,0,0,,,,,,,0,0,0,0,0,0
,24020,,"Glens Falls, NY",126367,0,0,0,0,0,Very Low,,,,,,,,,,,0,0,0,0,0,0,0,,,,,,,0,0,0,0,0,0
,24140,,"Goldsboro, NC",124150,0,0,0,0,0,Very Low,,,,,,,,,,,0,0,0,0,0,0,0,,,,,,,0,0,0,0,0,0
,24220,,"Grand Forks, ND-MN",102743,4,6,1.5,Very Low,0.93,Average,Cyber Security Specialist / Technician,Cyber Security Manager / Administrator,,,,,,,,,2,3,4,3,0,1,1,,,,,,,0,0,0,0,0,0
,24260,,"Grand Island, NE",85148,1,10,10,Very High,0.28,Very Low,,,,,,,,,,,0,0,1,0,0,0,0,,,,,,,0,0,0,0,0,0
,24300,,"Grand Junction, CO",150083,0,0,0,0,0,Very Low,,,,,,,,,,,0,0,0,0,0,0,0,,,,,,,0,0,0,0,0,0
,24340,,"Grand Rapids-Wyoming, MI",1047099,0,0,0,0,0,Very Low,,,,,,,,,,,0,0,0,0,0,0,0,,,,,,,1,4,0,3,1,1
,24420,,"Grants Pass, OR",85904,0,0,0,0,0,0,,,,,,,,,,,0,0,0,0,0,0,0,,,,,,,0,0,0,0,0,0
,24500,,"Great Falls, MT",81755,2,9,4.5,Average,0.65,Very Low,,,,,,,,,,,0,0,1,0,0,0,1,,,,,,,0,0,0,0,0,0
,24540,,"Greeley, CO",294932,11,27,2.45,Very Low,1.33,High,Cyber Security Specialist / Technician,IT Specialist / Engineer,GIS Analyst,IT Director,Network Engineer / Architect,,,,,,3,6,8,5,0,2,4,,,,,,,0,0,0,0,0,0
,24580,,"Green Bay, WI",318236,1,5,5,Average,0.07,Very Low,,,,,,,,,,,0,1,1,1,0,0,0,,,,,,,0,1,0,0,0,0
,24660,,"Greensboro-High Point, NC",756139,6,34,5.67,Average,0.2,Very Low,Cyber Security Analyst,Cyber Security Engineer,Chief Information Officer,,,,,,,,2,3,4,3,0,1,2,,,,,,,0,2,0,2,1,1
,24860,,"Greenville-Anderson-Mauldin, SC",884975,4,12,3,Very Low,0.12,Very Low,,,,,,,,,,,1,2,3,2,0,1,1,,,,,,,0,2,0,1,0,1
,24780,,"Greenville, NC",177220,3,8,2.67,Very Low,0.47,Very Low,Cyber Security Analyst,,,,,,,,,,1,1,2,1,0,1,1,,,,,,,0,0,0,0,0,0
,25060,,"Gulfport-Biloxi-Pascagoula, MS",391266,28,97,3.46,Very Low,2.17,Very High,Cyber Security Specialist / Technician,Systems Administrator,Application Support Engineer / Analyst,Data Warehouse Developer,IT Director,Technical Support Manager / Supervisor,Cyber Security Analyst,Systems Analyst,Network Analyst / Specialist,,11,9,19,9,0,3,6,,,,,,,3,2,0,0,0,1
,25180,,"Hagerstown-Martinsburg, MD-WV",263817,3,16,5.33,Average,0.34,Very Low,Cyber Security Specialist / Technician,,,,,,,,,,1,1,2,2,0,1,1,,,,,,,0,2,0,1,0,2
,25220,,"Hammond, LA",130710,0,0,0,0,0,Very Low,,,,,,,,,,,0,0,0,0,0,0,0,,,,,,,0,0,0,0,0,0
,25260,,"Hanford-Corcoran, CA",149785,1,2,2,Very Low,0.29,Very Low,Systems Integration Engineer / Specialist,,,,,,,,,,0,0,1,0,0,0,0,,,,,,,2,0,0,0,0,0
,25420,,"Harrisburg-Carlisle, PA",568033,27,95,3.52,Very Low,0.98,Average,IT Specialist / Engineer,Cyber Security Engineer,Network Analyst / Specialist,Cyber Security Specialist / Technician,IT Manager,Network Administrator,IT Director,,,,11,15,17,10,0,4,7,,,,,,,3,5,0,3,1,2
,25500,,"Harrisonburg, VA",132822,2,11,5.5,Average,0.38,Very Low,GIS Analyst,Systems Administrator,,,,,,,,,1,1,1,0,0,1,1,,,,,,,0,0,0,0,0,0
73450,25540,,"Hartford-West Hartford-East Hartford, CT",1206836,10,35,3.5,Very Low,0.2,Very Low,Cyber Security Specialist / Technician,Cyber Security Engineer,Cyber Security Architect,Vulnerability Analyst / Penetration Tester,,,,,,,5,6,6,4,0,2,4,,,,,,,1,8,0,8,4,2
,25620,,"Hattiesburg, MS",149138,0,0,0,0,0,Very Low,,,,,,,,,,,0,0,0,0,0,0,0,,,,,,,0,0,0,0,0,0
,25860,,"Hickory-Lenoir-Morganton, NC",364187,1,8,8,High,0.08,Very Low,Systems Support Specialist,,,,,,,,,,1,1,1,1,0,1,0,,,,,,,0,1,0,0,0,0
,25940,,"Hilton Head Island-Bluffton-Beaufort, SC",211614,4,10,2.5,Very Low,0.64,Very Low,Cyber Security Engineer,GIS Analyst,,,,,,,,,1,2,3,1,0,1,1,,,,,,,3,0,0,0,0,1
,25980,,"Hinesville, GA",81007,6,25,4.17,Low,4.15,Very High,Network Administrator,Cyber Security Engineer,Systems Administrator,,,,,,,,0,1,5,2,0,0,0,,,,,,,1,0,0,0,0,0
,26300,,"Hot Springs, AR",97477,0,0,0,0,0,Very Low,,,,,,,,,,,0,0,0,0,0,0,0,,,,,,,0,0,0,0,0,0
,26380,,"Houma-Thibodaux, LA",211525,1,16,16,Very High,0.13,Very Low,Cyber Security Engineer,,,,,,,,,,0,1,1,1,0,0,1,,,,,,,0,0,0,0,0,0
,26420,,"Houston-The Woodlands-Sugar Land, TX",6772470,75,288,3.84,Low,0.3,Very Low,Cyber Security Analyst,Cyber Security Engineer,Cyber Security Manager / Administrator,Network Engineer / Architect,Systems Administrator,Software Developer / Engineer,Application Support Engineer / Analyst,Cisco Engineer,Incident Analyst / Responder,GIS Analyst,32,45,47,32,1,14,25,,,,,,,4,39,1,23,16,15
,26580,,"Huntington-Ashland, WV-KY-OH",359588,1,4,4,Low,0.09,Very Low,,,,,,,,,,,0,1,1,1,0,0,0,,,,,,,0,0,0,0,0,0
,26620,,"Huntsville, AL",449720,194,289,1.49,Very Low,10.31,Very High,Systems Administrator,Cyber Security Specialist / Technician,Cyber Security Engineer,Information Assurance Engineer / Analyst,Cyber Security Analyst,IT Specialist / Engineer,Help Desk Technician / Analyst,Computer Repair Technician,Technical Support Engineer / Analyst,Network Administrator,56,123,145,67,1,26,22,,,,,,,54,32,0,5,6,15
,26820,,"Idaho Falls, ID",142572,40,122,3.05,Very Low,7.44,Very High,Cyber Security Analyst,IT Specialist / Engineer,Cyber Security Manager / Administrator,Cyber Security Engineer,Technical Consultant / Analyst,C / C++ Developer / Engineer,Systems Support Specialist,Network Engineer / Architect,Systems Engineer,Cyber Security Specialist / Technician,19,23,30,24,0,13,9,,,,,,,0,1,0,0,0,0
,26900,,"Indianapolis-Carmel-Anderson, IN",2004230,45,135,3,Very Low,0.51,Very Low,Cyber Security Analyst,IT Specialist / Engineer,Cyber Security Specialist / Technician,Build and Release Engineer,Network Analyst / Specialist,Network Administrator,Systems Support Specialist,Systems Engineer,,,22,28,32,22,1,11,11,,,,,,,3,19,0,10,6,6
,26980,,"Iowa City, IA",168828,4,12,3,Very Low,0.51,Very Low,,,,,,,,,,,2,2,2,2,0,2,2,,,,,,,0,1,0,1,0,0
,27060,,"Ithaca, NY",104871,0,0,0,0,0,Very Low,,,,,,,,,,,0,0,0,0,0,0,0,,,,,,,0,0,0,0,0,0
,27100,,"Jackson, MI",158460,0,0,0,0,0,Very Low,,,,,,,,,,,0,0,0,0,0,0,0,,,,,,,0,0,0,0,0,0
,27140,,"Jackson, MS",579229,3,9,3,Very Low,0.13,Very Low,Network Engineer / Architect,,,,,,,,,,1,2,2,1,0,1,1,,,,,,,0,3,0,1,2,1
,27180,,"Jackson, TN",129527,0,0,0,0,0,Very Low,,,,,,,,,,,0,0,0,0,0,0,0,,,,,,,0,0,0,0,0,0
,27260,,"Jacksonville, FL",1478212,55,199,3.62,Very Low,0.99,Average,IT Specialist / Engineer,Cyber Security Specialist / Technician,Software Developer / Engineer,Cyber Security Manager / Administrator,Vulnerability Analyst / Penetration Tester,Cyber Security Engineer,Computer Operator,Senior Business Analyst,Operations Analyst (General),Telecommunications Specialist / Engineer,21,35,37,21,0,8,12,,,,,,,4,11,0,8,5,5
,27340,,"Jacksonville, NC",187136,9,20,2.22,Very Low,2.31,Very High,Cyber Security Specialist / Technician,Computer Support Specialist,Cyber Security Engineer,Unix Administrator / Engineer,C# Developer / Engineer,Technical Support Engineer / Analyst,,,,,3,3,5,3,0,1,1,,,,,,,4,1,0,0,0,3
,27500,,"Janesville-Beloit, WI",161620,0,0,0,0,0,Very Low,,,,,,,,,,,0,0,0,0,0,0,0,,,,,,,0,0,0,0,0,0
,27620,,"Jefferson City, MO",151391,7,23,3.29,Very Low,1.13,Average,Cyber Security Engineer,Cyber Security Analyst,IT Director,,,,,,,,2,4,5,3,0,2,2,,,,,,,0,0,0,0,0,0
,27740,,"Johnson City, TN",201661,0,0,0,0,0,Very Low,,,,,,,,,,,0,0,0,0,0,0,0,,,,,,,0,1,0,0,0,0
,27780,,"Johnstown, PA",134732,0,0,0,0,0,Very Low,,,,,,,,,,,0,0,0,0,0,0,0,,,,,,,0,0,0,0,0,0
,27860,,"Jonesboro, AR",129858,0,0,0,0,0,Very Low,,,,,,,,,,,0,0,0,0,0,0,0,,,,,,,0,0,0,0,0,0
,27900,,"Joplin, MO",177805,6,10,1.67,Very Low,0.9,Average,Cyber Security Engineer,,,,,,,,,,2,4,4,3,0,0,1,,,,,,,0,1,0,1,0,0
,27980,,"Kahului-Wailuku-Lahaina, HI",165474,0,0,0,0,0,Very Low,,,,,,,,,,,0,0,0,0,0,0,0,,,,,,,0,0,0,0,0,0
,28020,,"Kalamazoo-Portage, MI",336877,1,2,2,Very Low,0.08,Very Low,,,,,,,,,,,0,1,1,0,0,0,0,,,,,,,1,1,0,1,1,0
,28100,,"Kankakee, IL",110008,0,0,0,0,0,Very Low,,,,,,,,,,,0,0,0,0,0,0,0,,,,,,,0,0,0,0,0,0
,28140,,"Kansas City, MO-KS",2104509,80,247,3.09,Very Low,0.89,Average,Cyber Security Engineer,Cyber Security Specialist / Technician,Systems Administrator,Cyber Security Manager / Administrator,Software QA Engineer / Tester,IT Specialist / Engineer,Cyber Security Analyst,Systems Analyst,Network Analyst / Specialist,IT Auditor,28,50,54,33,0,12,18,,,,,,,11,19,0,10,5,9
,28420,,"Kennewick-Richland, WA",283846,27,69,2.56,Very Low,2.92,Very High,Software Developer / Engineer,Cyber Security Manager / Administrator,Incident Analyst / Responder,Cyber Security Specialist / Technician,Cyber Security Analyst,Security / Defense Intelligence Analyst,Systems Analyst,Mathematician,Statistician,Network Engineer / Architect,13,18,22,18,1,7,5,,,,,,,0,1,0,0,0,0
,28660,,"Killeen-Temple, TX",435857,19,84,4.42,Low,1.61,Very High,Cyber Security Engineer,Cyber Security Specialist / Technician,IT Specialist / Engineer,Information Assurance Engineer / Analyst,Systems Engineer,Exchange Engineer,,,,,6,8,11,4,0,2,3,,,,,,,4,1,0,0,0,1
,28700,,"Kingsport-Bristol-Bristol, TN-VA",306334,0,0,0,0,0,Very Low,,,,,,,,,,,0,0,0,0,0,0,0,,,,,,,0,0,0,0,0,0
,28740,,"Kingston, NY",179225,0,0,0,0,0,Very Low,,,,,,,,,,,0,0,0,0,0,0,0,,,,,,,0,0,0,0,0,0
,28940,,"Knoxville, TN",868546,13,40,3.08,Very Low,0.39,Very Low,Cyber Security Manager / Administrator,IT Project Manager,IT Specialist / Engineer,Network Analyst / Specialist,Cyber Security Specialist / Technician,,,,,,5,8,10,6,0,2,4,,,,,,,1,3,0,1,1,2
,29020,,"Kokomo, IN",82568,0,0,0,0,0,Very Low,,,,,,,,,,,0,0,0,0,0,0,0,,,,,,,0,0,0,0,0,0
,29100,,"La Crosse-Onalaska, WI-MN",136936,1,2,2,Very Low,0.16,Very Low,Cyber Security Engineer,,,,,,,,,,1,1,1,1,0,1,1,,,,,,,0,2,0,1,1,1
,29200,,"Lafayette-West Lafayette, IN",216679,3,14,4.67,Average,0.38,Very Low,Help Desk Technician / Analyst,,,,,,,,,,1,2,2,1,0,1,1,,,,,,,0,0,0,0,0,0
,29180,,"Lafayette, LA",491528,0,0,0,0,0,Very Low,,,,,,,,,,,0,0,0,0,0,0,0,,,,,,,0,1,0,0,0,0
,29340,,"Lake Charles, LA",207483,0,0,0,0,0,Very Low,,,,,,,,,,,0,0,0,0,0,0,0,,,,,,,0,0,0,0,0,0
,29420,,"Lake Havasu City-Kingman, AZ",205249,0,0,0,0,0,Very Low,,,,,,,,,,,0,0,0,0,0,0,0,,,,,,,0,0,0,0,0,0
,29460,,"Lakeland-Winter Haven, FL",666149,10,38,3.8,Low,0.55,Very Low,Network Analyst / Specialist,Operations Analyst (General),,,,,,,,,3,5,7,4,0,2,2,,,,,,,2,2,0,1,0,1
,29540,,"Lancaster, PA",538500,38,132,3.47,Very Low,1.88,Very High,IT Specialist / Engineer,Cyber Security Specialist / Technician,Cyber Security Engineer,Senior Business Analyst,GIS Analyst,Network Analyst / Specialist,Business Analyst (General),,,,12,22,28,15,0,9,10,,,,,,,1,2,0,1,0,1
,29620,,"Lansing-East Lansing, MI",475099,8,10,1.25,Very Low,0.45,Very Low,Help Desk Technician / Analyst,Incident Analyst / Responder,Cyber Security Analyst,Programmer / Analyst,,,,,,,3,4,5,3,0,2,2,,,,,,,5,10,0,7,1,1
,29700,,"Laredo, TX",271193,0,0,0,0,0,Very Low,,,,,,,,,,,0,0,0,0,0,0,0,,,,,,,0,0,0,0,0,0
,29740,,"Las Cruces, NM",214207,7,23,3.29,Very Low,1.15,Average,Systems Administrator,Application Developer / Engineer,Information Assurance Engineer / Analyst,Systems Support Specialist,IT Director,,,,,,1,2,6,2,0,1,1,,,,,,,5,1,0,0,0,0
,29820,,"Las Vegas-Henderson-Paradise, NV",2155664,50,126,2.52,Very Low,0.62,Very Low,IT Specialist / Engineer,Cyber Security Specialist / Technician,Cyber Security Analyst,Vulnerability Analyst / Penetration Tester,Cyber Security Engineer,Cyber Security Manager / Administrator,Systems Support Specialist,Technical Manager / Director,Systems Administrator,IT Auditor,18,27,35,17,1,8,14,,,,,,,7,14,0,9,4,8
,29940,,"Lawrence, KS",119440,0,0,0,0,0,Very Low,,,,,,,,,,,0,0,0,0,0,0,0,,,,,,,0,0,0,0,0,0
,30020,,"Lawton, OK",128077,7,34,4.86,Average,1.86,Very High,Cyber Security Specialist / Technician,Cyber Security Engineer,,,,,,,,,2,3,4,2,0,2,1,,,,,,,1,0,0,0,0,0
,30140,,"Lebanon, PA",138863,2,17,8.5,Very High,0.48,Very Low,IT Specialist / Engineer,,,,,,,,,,1,1,1,1,0,0,1,,,,,,,0,0,0,0,0,0
74500,74500,,"Leominster-Gardner, MA",145497,0,0,0,0,0,Very Low,,,,,,,,,,,0,0,0,0,0,0,0,,,,,,,0,0,0,0,0,0
74650,30340,,"Lewiston-Auburn, ME",107319,0,0,0,0,0,Very Low,,,,,,,,,,,0,0,0,0,0,0,0,,,,,,,0,0,0,0,0,0
,30300,,"Lewiston, ID-WA",62675,0,0,0,0,0,0,,,,,,,,,,,0,0,0,0,0,0,0,,,,,,,0,0,0,0,0,0
,30460,,"Lexington-Fayette, KY",506751,4,8,2,Very Low,0.17,Very Low,Information Assurance Engineer / Analyst,Cyber Security Engineer,Systems Administrator,,,,,,,,2,2,3,1,0,1,1,,,,,,,1,2,0,1,0,0
,30620,,"Lima, OH",103742,0,0,0,0,0,Very Low,,,,,,,,,,,0,0,0,0,0,0,0,,,,,,,0,0,0,0,0,0
,30700,,"Lincoln, NE",326921,30,87,2.9,Very Low,1.99,Very High,IT Specialist / Engineer,Cyber Security Specialist / Technician,Application Support Engineer / Analyst,Network Analyst / Specialist,Cyber Security Manager / Administrator,Network Support Technician,Business / Systems Analyst,,,,11,19,24,16,0,5,7,,,,,,,0,2,0,1,1,1
,30780,,"Little Rock-North Little Rock-Conway, AR",734622,18,102,5.67,Average,0.61,Very Low,Data Analyst (General),Help Desk Technician / Analyst,Computer Support Specialist,Technical Consultant / Analyst,Cyber Security Engineer,Cyber Security Manager / Administrator,Systems Analyst,,,,8,10,13,8,0,4,6,,,,,,,1,2,0,2,1,1
,30860,,"Logan, UT-ID",136159,0,0,0,0,0,Very Low,,,,,,,,,,,0,0,0,0,0,0,0,,,,,,,0,0,0,0,0,0
,30980,,"Longview, TX",217446,0,0,0,0,0,Very Low,,,,,,,,,,,0,0,0,0,0,0,0,,,,,,,0,0,0,0,0,0
,31020,,"Longview, WA",105160,4,9,2.25,Very Low,1.3,High,Network Administrator,Network Engineer / Architect,,,,,,,,,3,1,4,2,0,0,0,,,,,,,0,0,0,0,0,0
,31080,,"Los Angeles-Long Beach-Anaheim, CA",13310447,181,483,2.67,Very Low,0.36,Very Low,Cyber Security Engineer,Cyber Security Manager / Administrator,Cyber Security Analyst,Network Engineer / Architect,Systems Administrator,Systems Engineer,Software Developer / Engineer,Cyber Security Specialist / Technician,Technical Consultant / Analyst,Network Administrator,72,103,101,63,1,28,62,,,,,,,17,93,3,55,33,34
,31140,,"Louisville/Jefferson County, KY-IN",1283430,27,80,2.96,Very Low,0.49,Very Low,IT Specialist / Engineer,Systems Support Specialist,Network Engineer / Architect,Computer Repair Technician,Cyber Security Specialist / Technician,Systems Administrator,Cyber Security Engineer,,,,11,14,17,10,0,5,8,,,,,,,1,5,0,3,1,2
,31180,,"Lubbock, TX",314840,3,32,10.67,Very High,0.25,Very Low,,,,,,,,,,,2,2,2,1,0,1,1,,,,,,,0,0,0,0,0,0
,31340,,"Lynchburg, VA",260232,2,25,12.5,Very High,0.24,Very Low,Chief Technology Officer,,,,,,,,,,1,2,2,1,0,1,1,,,,,,,0,0,0,0,0,0
,31420,,"Macon, GA",231517,4,22,5.5,Average,0.47,Very Low,Build and Release Engineer,Program Analyst,,,,,,,,,1,3,2,2,0,0,1,,,,,,,0,0,0,0,0,0
,31460,,"Madera, CA",154697,0,0,0,0,0,Very Low,,,,,,,,,,,0,0,0,0,0,0,0,,,,,,,0,0,0,0,0,0
,31540,,"Madison, WI",648929,53,170,3.21,Very Low,1.61,Very High,Cyber Security Analyst,Cyber Security Manager / Administrator,IT Auditor,Cyber Security Specialist / Technician,Cisco Engineer,Network Administrator,Security / Defense Intelligence Analyst,Cyber Security Engineer,Cyber Security Consultant,Computer Support Specialist,27,31,41,28,1,18,14,,,,,,,1,5,0,4,1,2
74950,31700,,"Manchester, NH",407761,3,7,2.33,Very Low,0.31,Very Low,Network Engineer / Architect,Database Administrator,,,,,,,,,1,2,2,1,0,1,1,,,,,,,0,1,0,0,0,0
,31740,,"Manhattan, KS",97004,1,3,3,Very Low,0.31,Very Low,,,,,,,,,,,0,0,1,0,0,0,0,,,,,,,0,0,0,0,0,0
,31860,,"Mankato-North Mankato, MN",100016,0,0,0,0,0,Very Low,,,,,,,,,,,0,0,0,0,0,0,0,,,,,,,0,0,0,0,0,0
,31900,,"Mansfield, OH",121107,1,24,24,Very High,0.23,Very Low,IT Specialist / Engineer,,,,,,,,,,0,1,1,0,0,0,1,,,,,,,0,0,0,0,0,0
,32580,,"McAllen-Edinburg-Mission, TX",849843,0,0,0,0,0,Very Low,,,,,,,,,,,0,0,0,0,0,0,0,,,,,,,0,0,0,0,0,0
,32780,,"Medford, OR",216527,2,6,3,Very Low,0.28,Very Low,Cyber Security Engineer,,,,,,,,,,1,1,1,0,0,0,1,,,,,,,0,0,0,0,0,0
,32820,,"Memphis, TN-MS-AR",1342842,39,118,3.03,Very Low,0.73,Low,IT Specialist / Engineer,Application Developer / Engineer,Systems Administrator,Data Specialist,Cyber Security Specialist / Technician,Application Support Engineer / Analyst,Cyber Security Analyst,Network Analyst / Specialist,Windows Administrator,Cyber Security Engineer,14,20,25,13,0,8,11,,,,,,,3,6,0,4,3,3
,32900,,"Merced, CA",268672,0,0,0,0,0,Very Low,,,,,,,,,,,0,0,0,0,0,0,0,,,,,,,0,0,0,0,0,0
,33100,,"Miami-Fort Lauderdale-West Palm Beach, FL",6066387,132,407,3.08,Very Low,0.61,Very Low,GIS Analyst,Cisco Engineer,Network Engineer / Architect,Cyber Security Manager / Administrator,IT Auditor,Computer Programmer,Systems Administrator,Computer Repair Technician,Information Assurance Engineer / Analyst,Cyber Security Specialist / Technician,53,78,85,49,1,21,38,,,,,,,14,34,1,25,14,14
,33140,,"Michigan City-La Porte, IN",110015,1,12,12,Very High,0.29,Very Low,,,,,,,,,,,0,0,0,0,0,0,0,,,,,,,0,0,0,0,0,0
,33220,,"Midland, MI",83462,0,0,0,0,0,Very Low,,,,,,,,,,,0,0,0,0,0,0,0,,,,,,,0,0,0,0,0,0
,33260,,"Midland, TX",168288,0,0,0,0,0,Very Low,,,,,,,,,,,0,0,0,0,0,0,0,,,,,,,0,0,0,0,0,0
,33340,,"Milwaukee-Waukesha-West Allis, WI",1572482,24,76,3.17,Very Low,0.33,Very Low,IT Director,Network Analyst / Specialist,Cyber Security Analyst,Cyber Security Engineer,Windows Engineer,IT Project Manager,,,,,11,15,15,10,0,4,9,,,,,,,1,11,1,8,3,4
,33460,,"Minneapolis-St. Paul-Bloomington, MN-WI",3551036,86,240,2.79,Very Low,0.52,Very Low,Cyber Security Engineer,Cyber Security Analyst,Systems Administrator,IT Specialist / Engineer,Cyber Security Specialist / Technician,Data Analyst (General),Vulnerability Analyst / Penetration Tester,IT Manager,Cyber Security Architect,Computer Support Specialist,39,57,50,37,1,15,28,,,,,,,4,49,3,35,18,16
,33540,,"Missoula, MT",116130,2,25,12.5,Very High,0.4,Very Low,,,,,,,,,,,1,1,1,1,0,0,1,,,,,,,0,0,0,0,0,0
,33660,,"Mobile, AL",414836,6,24,4,Low,0.4,Very Low,Cyber Security Engineer,Network Administrator,,,,,,,,,2,3,5,3,0,1,2,,,,,,,0,1,0,0,0,0
,33700,,"Modesto, CA",541560,0,0,0,0,0,Very Low,,,,,,,,,,,0,0,0,0,0,0,0,,,,,,,0,1,0,1,0,0
,33740,,"Monroe, LA",179470,3,8,2.67,Very Low,0.45,Very Low,Network Engineer / Architect,,,,,,,,,,1,2,2,1,0,0,1,,,,,,,0,1,0,0,0,0
,33780,,"Monroe, MI",149208,0,0,0,0,0,Very Low,,,,,,,,,,,0,0,0,0,0,0,0,,,,,,,0,1,0,0,0,0
,33860,,"Montgomery, AL",373922,78,180,2.31,Very Low,5.48,Very High,IT Specialist / Engineer,Cyber Security Specialist / Technician,Network Engineer / Architect,Software QA Engineer / Tester,Systems Administrator,Windows Administrator,Cyber Security Manager / Administrator,Cyber Security Engineer,Database Administrator,Application Developer / Engineer,21,37,55,21,0,8,16,,,,,,,8,3,0,0,2,4
,34060,,"Morgantown, WV",138380,2,5,2.5,Very Low,0.36,Very Low,Network Engineer / Architect,Chief Information Officer,,,,,,,,,1,1,1,1,0,0,1,,,,,,,0,1,0,0,0,0
,34100,,"Morristown, TN",117320,0,0,0,0,0,Very Low,,,,,,,,,,,0,0,0,0,0,0,0,,,,,,,0,0,0,0,0,0
,34580,,"Mount Vernon-Anacortes, WA",123681,0,0,0,0,0,Very Low,,,,,,,,,,,0,0,0,0,0,0,0,,,,,,,0,0,0,0,0,0
,34620,,"Muncie, IN",115603,0,0,0,0,0,Very Low,,,,,,,,,,,0,0,0,0,0,0,0,,,,,,,0,0,0,0,0,0
,34740,,"Muskegon, MI",173408,0,0,0,0,0,Very Low,,,,,,,,,,,0,0,0,0,0,0,0,,,,,,,0,0,0,0,0,0
,34820,,"Myrtle Beach-Conway-North Myrtle Beach, SC-NC",449295,0,0,0,0,0,Very Low,,,,,,,,,,,0,0,0,0,0,0,0,,,,,,,0,0,0,0,0,0
,34900,,"Napa, CA",142166,0,0,0,0,0,Very Low,,,,,,,,,,,0,0,0,0,0,0,0,,,,,,,0,0,0,0,0,0
,34940,,"Naples-Immokalee-Marco Island, FL",365136,3,15,5,Average,0.25,Very Low,Programmer / Analyst,,,,,,,,,,2,1,1,1,0,0,1,,,,,,,0,0,0,0,0,0
,34980,,"Nashville-Davidson--Murfreesboro--Franklin, TN",1865298,19,44,2.32,Very Low,0.24,Very Low,Cyber Security Specialist / Technician,Cyber Security Manager / Administrator,Software Architect,Cyber Security Analyst,Network Analyst / Specialist,Cyber Security Engineer,,,,,7,11,12,8,0,3,6,,,,,,,2,15,0,12,8,6
,35100,,"New Bern, NC",126111,12,43,3.58,Very Low,3.26,Very High,IT Specialist / Engineer,Network Engineer / Architect,Telecommunications Specialist / Engineer,Program Analyst,,,,,,,4,5,8,2,0,0,1,,,,,,,1,0,0,0,0,0
75700,35300,,"New Haven, CT",856875,1,5,5,Average,0.04,Very Low,IT Manager,,,,,,,,,,1,1,1,0,0,0,0,,,,,,,0,2,0,2,1,1
,35380,,"New Orleans-Metairie, LA",1268883,65,248,3.82,Low,1.35,High,Cyber Security Specialist / Technician,Cyber Security Analyst,IT Specialist / Engineer,Cyber Security Engineer,IT Director,IT Auditor,Incident Analyst / Responder,Network Analyst / Specialist,Computer Repair Technician,Senior Software Developer / Engineer,19,34,41,21,0,8,15,,,,,,,3,5,0,2,1,2
,35620,,"New York-Newark-Jersey City, NY-NJ-PA",20153634,288,859,2.98,Very Low,0.36,Very Low,Network Engineer / Architect,Cyber Security Manager / Administrator,Cyber Security Engineer,Cyber Security Analyst,Computer Support Specialist,Software Developer / Engineer,Cyber Security Specialist / Technician,IT Auditor,Systems Administrator,IT Director,132,179,172,123,3,45,110,,,,,,,13,208,7,149,92,58
,35660,,"Niles-Benton Harbor, MI",154010,0,0,0,0,0,Very Low,,,,,,,,,,,0,0,0,0,0,0,0,,,,,,,0,1,0,0,0,0
,35840,,"North Port-Sarasota-Bradenton, FL",788457,11,52,4.73,Average,0.45,Very Low,Technical Support Engineer / Analyst,GIS Analyst,Software Developer / Engineer,,,,,,,,3,5,6,2,0,1,3,,,,,,,1,1,0,1,1,0
76450,35980,,"Norwich-New London-Westerly, CT-RI",283505,11,30,2.73,Very Low,1,Average,IT Specialist / Engineer,Cyber Security Specialist / Technician,Incident Analyst / Responder,Systems Administrator,,,,,,,3,7,8,4,0,1,2,,,,,,,1,0,0,0,0,0
,36100,,"Ocala, FL",349020,3,15,5,Average,0.36,Very Low,Systems Analyst,,,,,,,,,,2,2,1,1,0,1,1,,,,,,,0,0,0,0,0,0
,36140,,"Ocean City, NJ",94430,0,0,0,0,0,Very Low,,,,,,,,,,,0,0,0,0,0,0,0,,,,,,,0,0,0,0,0,0
,36220,,"Odessa, TX",157462,0,0,0,0,0,Very Low,,,,,,,,,,,0,0,0,0,0,0,0,,,,,,,0,0,0,0,0,0
,36260,,"Ogden-Clearfield, UT",654417,25,57,2.28,Very Low,1.19,Average,Cyber Security Engineer,Cyber Security Analyst,Systems Engineer,Unix Administrator / Engineer,IT Specialist / Engineer,Systems Integration Engineer / Specialist,Database Analyst / Developer,Cyber Security Specialist / Technician,Software Developer / Engineer,Systems Support Specialist,8,11,19,10,0,5,4,,,,,,,8,4,0,0,1,1
,36420,,"Oklahoma City, OK",1373211,45,136,3.02,Very Low,0.86,Average,IT Specialist / Engineer,Software Developer / Engineer,Cyber Security Specialist / Technician,Help Desk Technician / Analyst,Systems Administrator,Computer Scientist / Researcher,Unix Administrator / Engineer,Oracle Database Administrator,Information Assurance Engineer / Analyst,Cyber Security Engineer,15,26,31,15,0,8,9,,,,,,,6,8,0,2,2,2
,36500,,"Olympia-Tumwater, WA",275222,36,105,2.92,Very Low,4.04,Very High,Systems Administrator,Technical Support Engineer / Analyst,Cyber Security Specialist / Technician,Cyber Security Manager / Administrator,GIS Analyst,Business Intelligence Analyst,Systems Analyst,Cyber Security Architect,IT Specialist / Engineer,IT Manager,14,19,29,18,0,10,11,,,,,,,1,2,0,1,1,1
,36540,,"Omaha-Council Bluffs, NE-IA",924129,57,153,2.68,Very Low,1.37,High,Cyber Security Engineer,Information Assurance Engineer / Analyst,Cyber Security Specialist / Technician,Unix Administrator / Engineer,Cyber Security Analyst,Software Developer / Engineer,Security / Defense Intelligence Analyst,IT Operations / Networking Manager,Database Administrator,Telecommunications Specialist / Engineer,23,37,39,24,0,8,12,,,,,,,7,14,0,7,6,6
,36740,,"Orlando-Kissimmee-Sanford, FL",2441257,72,184,2.56,Very Low,0.71,Low,Unix Administrator / Engineer,Cyber Security Engineer,Information Assurance Engineer / Analyst,Cyber Security Manager / Administrator,Systems Administrator,Cyber Security Analyst,Cisco Engineer,Cyber Security Specialist / Technician,Network Administrator,Network Analyst / Specialist,25,44,51,26,1,12,16,,,,,,,9,18,0,6,3,7
,36780,,"Oshkosh-Neenah, WI",169886,1,5,5,Average,0.13,Very Low,,,,,,,,,,,1,1,1,1,0,0,0,,,,,,,0,1,0,0,0,1
,36980,,"Owensboro, KY",117959,1,3,3,Very Low,0.24,Very Low,,,,,,,,,,,1,0,1,1,0,1,1,,,,,,,0,1,0,0,0,0
,37100,,"Oxnard-Thousand Oaks-Ventura, CA",849738,11,44,4,Low,0.43,Very Low,Cyber Security Specialist / Technician,IT Specialist / Engineer,Systems Administrator,C# Developer / Engineer,,,,,,,4,6,6,4,0,1,3,,,,,,,1,3,0,2,1,0
,37340,,"Palm Bay-Melbourne-Titusville, FL",579130,25,61,2.44,Very Low,1.45,High,Cyber Security Specialist / Technician,Network Support Technician,Cyber Security Manager / Administrator,Technical Support Engineer / Analyst,Computer Support Specialist,C# Developer / Engineer,IT Project Manager,Telecommunications Specialist / Engineer,Senior Web Developer,Network Administrator,8,14,18,10,0,5,5,,,,,,,7,7,0,2,2,4
,37460,,"Panama City, FL",199964,21,77,3.67,Very Low,3,Very High,IT Specialist / Engineer,Senior Software Developer / Engineer,Cyber Security Specialist / Technician,Database Administrator,Information Assurance Engineer / Analyst,Systems Administrator,,,,,4,9,17,7,0,2,3,,,,,,,3,1,0,0,0,0
,37620,,"Parkersburg-Vienna, WV",91449,0,0,0,0,0,Very Low,,,,,,,,,,,0,0,0,0,0,0,0,,,,,,,0,0,0,0,0,0
,37860,,"Pensacola-Ferry Pass-Brent, FL",485684,32,128,4,Low,2.25,Very High,Cyber Security Specialist / Technician,Systems Administrator,Java Developer / Engineer,Information Assurance Engineer / Analyst,Windows Administrator,IT Project Analyst,IT Manager,Network Administrator,Network Analyst / Specialist,Oracle Consultant / Analyst,7,17,22,9,0,3,5,,,,,,,5,3,0,1,0,4
,37900,,"Peoria, IL",376246,11,28,2.55,Very Low,0.73,Low,Computer Support Specialist,IT Specialist / Engineer,Cyber Security Analyst,Technical Support Engineer / Analyst,,,,,,,3,6,7,5,0,1,3,,,,,,,0,2,0,1,1,1
,37980,,"Philadelphia-Camden-Wilmington, PA-NJ-DE-MD",6070500,96,215,2.24,Very Low,0.4,Very Low,Cyber Security Specialist / Technician,IT Specialist / Engineer,Network Analyst / Specialist,Cyber Security Engineer,Network Engineer / Architect,Computer Programmer,Information Assurance Engineer / Analyst,Computer Support Specialist,Network Administrator,IT Manager,40,61,55,34,0,14,29,,,,,,,11,69,2,53,34,22
,38060,,"Phoenix-Mesa-Scottsdale, AZ",4661537,135,289,2.14,Very Low,0.81,Low,IT Specialist / Engineer,Cyber Security Engineer,Network Engineer / Architect,Systems Analyst,Cyber Security Specialist / Technician,Cyber Security Analyst,Chief Information Officer,IT Manager,IT Project Manager,Software Developer / Engineer,57,92,87,60,1,23,44,,,,,,,8,62,1,43,23,24
,38220,,"Pine Bluff, AR",91962,2,6,3,Very Low,0.76,Low,IT Director,,,,,,,,,,1,1,1,1,0,1,1,,,,,,,0,0,0,0,0,0
,38300,,"Pittsburgh, PA",2342299,10,30,3,Very Low,0.1,Very Low,Telecommunications Specialist / Engineer,Cyber Security Analyst,Cyber Security Architect,Policy Analyst,Cyber Security Engineer,,,,,,4,6,6,4,0,2,3,,,,,,,2,18,1,11,7,6
76600,38340,,"Pittsfield, MA",126903,4,10,2.5,Very Low,1.15,Average,Network Analyst / Specialist,Systems Engineer,Cyber Security Engineer,,,,,,,,0,4,4,2,0,0,1,,,,,,,1,1,0,0,0,0
,38540,,"Pocatello, ID",84377,6,13,2.17,Very Low,2.13,Very High,GIS Analyst,,,,,,,,,,1,5,5,0,0,0,1,,,,,,,0,0,0,0,0,0
,38940,,"Port St. Lucie, FL",465208,2,19,9.5,Very High,0.17,Very Low,Systems Administrator,,,,,,,,,,0,1,1,1,0,0,0,,,,,,,0,0,0,0,0,0
76750,38860,,"Portland-South Portland, ME",529657,2,7,3.5,Very Low,0.12,Very Low,,,,,,,,,,,0,1,1,1,0,0,0,,,,,,,0,1,0,1,1,0
,38900,,"Portland-Vancouver-Hillsboro, OR-WA",2424955,110,225,2.05,Very Low,1.13,Average,Cyber Security Engineer,IT Specialist / Engineer,Cyber Security Specialist / Technician,Network Administrator,Cyber Security Manager / Administrator,Cyber Security Architect,Cyber Security Analyst,Unix Administrator / Engineer,Network Analyst / Specialist,Solutions Engineer,48,65,71,43,1,18,31,,,,,,,3,30,1,15,11,14
76900,76900,,"Portsmouth, NH-ME",126669,19,73,3.84,Low,2.41,Very High,IT Specialist / Engineer,Network Analyst / Specialist,Cyber Security Specialist / Technician,Unix Administrator / Engineer,,,,,,,7,12,12,5,0,3,6,,,,,,,1,1,0,1,1,0
,39140,,"Prescott, AZ",225562,2,9,4.5,Average,0.39,Very Low,Network Analyst / Specialist,Cyber Security Engineer,,,,,,,,,0,1,1,1,0,0,1,,,,,,,0,0,0,0,0,0
77200,39300,,"Providence-Warwick, RI-MA",1614750,42,145,3.45,Very Low,0.86,Average,IT Specialist / Engineer,Cyber Security Specialist / Technician,Information Assurance Engineer / Analyst,Cyber Security Engineer,Computer Support Specialist,IT Auditor,Senior Software Developer / Engineer,,,,18,27,31,19,0,6,12,,,,,,,4,12,0,7,6,5
,39340,,"Provo-Orem, UT",603309,2,5,2.5,Very Low,0.11,Very Low,Cyber Security Engineer,,,,,,,,,,0,1,1,1,0,0,0,,,,,,,0,3,0,1,1,1
,39380,,"Pueblo, CO",165123,3,11,3.67,Very Low,0.61,Very Low,Network Administrator,Systems Administrator,,,,,,,,,1,1,3,1,0,1,1,,,,,,,0,0,0,0,0,0
,39460,,"Punta Gorda, FL",178465,0,0,0,0,0,Very Low,,,,,,,,,,,0,0,0,0,0,0,0,,,,,,,0,0,0,0,0,0
,39540,,"Racine, WI",195140,2,2,1,Very Low,0.31,Very Low,Technical Support Engineer / Analyst,,,,,,,,,,1,1,1,0,0,0,1,,,,,,,0,1,0,1,1,0
,39580,,"Raleigh, NC",1302946,44,100,2.27,Very Low,0.86,Average,Security / Defense Intelligence Analyst,Data Manager,Cyber Security Manager / Administrator,Cyber Security Architect,Network Engineer / Architect,Senior Data Analyst,IT Auditor,Cyber Security Engineer,Network Administrator,Incident Analyst / Responder,18,30,29,20,1,7,14,,,,,,,5,35,0,17,13,16
,39660,,"Rapid City, SD",145661,2,6,3,Very Low,0.36,Very Low,Cyber Security Engineer,,,,,,,,,,1,1,2,1,0,1,1,,,,,,,1,0,0,0,0,0
,39740,,"Reading, PA",414812,0,0,0,0,0,Very Low,,,,,,,,,,,0,0,0,0,0,0,0,,,,,,,0,1,0,1,0,1
,39820,,"Redding, CA",179631,1,5,5,Average,0.19,Very Low,,,,,,,,,,,0,1,1,0,0,0,0,,,,,,,0,0,0,0,0,0
,39900,,"Reno, NV",457667,6,17,2.83,Very Low,0.33,Very Low,IT Specialist / Engineer,Cyber Security Specialist / Technician,Cyber Security Engineer,,,,,,,,2,4,4,2,0,1,2,,,,,,,0,1,0,2,0,0
,40060,,"Richmond, VA",1281708,244,774,3.17,Very Low,4.43,Very High,Cyber Security Manager / Administrator,IT Auditor,Cyber Security Analyst,Cyber Security Engineer,Cyber Security Specialist / Technician,Systems Support Specialist,Systems Engineer,IT Specialist / Engineer,IT Project Manager,Web Developer,102,150,161,89,2,44,63,,,,,,,8,21,1,15,9,8
,40140,,"Riverside-San Bernardino-Ontario, CA",4527837,59,235,3.98,Low,0.5,Very Low,Cyber Security Specialist / Technician,IT Specialist / Engineer,Cyber Security Manager / Administrator,Computer Support Specialist,Cyber Security Analyst,GIS Analyst,Network Engineer / Architect,Cyber Security Engineer,IT Director,Chief Information Officer,21,26,39,22,0,11,19,,,,,,,3,5,0,2,2,2
,40220,,"Roanoke, VA",313698,7,31,4.43,Low,0.53,Very Low,Software Developer / Engineer,Cyber Security Engineer,Unix Administrator / Engineer,GIS Analyst,,,,,,,2,5,5,4,0,1,2,,,,,,,0,1,0,0,0,0
,40340,,"Rochester, MN",215884,4,20,5,Average,0.4,Very Low,,,,,,,,,,,1,3,2,2,0,1,1,,,,,,,0,2,0,1,1,2
,40380,,"Rochester, NY",1078879,27,118,4.37,Low,0.61,Very Low,Cyber Security Analyst,Systems Administrator,Cyber Security Specialist / Technician,Cyber Security Engineer,Network Engineer / Architect,Systems Analyst,,,,,10,16,17,11,0,5,8,,,,,,,1,6,0,4,3,3
,40420,,"Rockford, IL",339376,2,9,4.5,Average,0.16,Very Low,Data Analyst (General),,,,,,,,,,1,1,1,1,0,0,1,,,,,,,0,0,0,0,0,0
,40580,,"Rocky Mount, NC",147323,0,0,0,0,0,Very Low,,,,,,,,,,,0,0,0,0,0,0,0,,,,,,,0,0,0,0,0,0
,40660,,"Rome, GA",96560,0,0,0,0,0,Very Low,,,,,,,,,,,0,0,0,0,0,0,0,,,,,,,0,0,0,0,0,0
,40900,,"Sacramento--Roseville--Arden-Arcade, CA",2296418,55,198,3.6,Very Low,0.7,Low,Senior Software Developer / Engineer,Systems Analyst,Technical Consultant / Analyst,IT Director,Data Manager,Systems Architect,Technical Support Engineer / Analyst,Cyber Security Specialist / Technician,Software Developer / Engineer,Cyber Security Manager / Administrator,22,31,35,21,0,10,18,,,,,,,2,17,1,7,5,7
,40980,,"Saginaw, MI",192326,4,11,2.75,Very Low,0.54,Very Low,Incident Analyst / Responder,,,,,,,,,,1,2,2,2,0,1,2,,,,,,,0,0,0,0,0,0
,41420,,"Salem, OR",418139,19,50,2.63,Very Low,1.37,High,IT Specialist / Engineer,Server Administrator,Information Assurance Engineer / Analyst,Network Support Technician,,,,,,,10,11,15,8,0,4,5,,,,,,,1,1,0,1,0,0
,41500,,"Salinas, CA",435232,25,55,2.2,Very Low,1.76,Very High,Cyber Security Specialist / Technician,Computer Support Specialist,Network Engineer / Architect,IT Program Manager,IT Project Manager,IT Director,Incident Analyst / Responder,Cyber Security Engineer,Application Support Engineer / Analyst,IT Specialist / Engineer,9,6,12,3,0,1,6,,,,,,,4,1,0,0,0,0
,41540,,"Salisbury, MD-DE",400200,1,6,6,Average,0.07,Very Low,Urban / Transportation Planner,,,,,,,,,,1,0,1,1,0,0,0,,,,,,,0,1,0,0,0,0
,41620,,"Salt Lake City, UT",1186187,26,75,2.88,Very Low,0.44,Very Low,Cyber Security Specialist / Technician,Network Analyst / Specialist,Cyber Security Engineer,Cyber Security Analyst,Chief Information Officer,Cyber Security Manager / Administrator,IT Specialist / Engineer,,,,11,16,16,10,0,4,8,,,,,,,3,9,0,6,3,4
,41660,,"San Angelo, TX",119943,3,18,6,Average,0.74,Low,Cyber Security Specialist / Technician,,,,,,,,,,0,1,2,1,0,0,1,,,,,,,0,0,0,0,0,0
,41700,,"San Antonio-New Braunfels, TX",2429609,205,638,3.11,Very Low,2.43,Very High,Cyber Security Specialist / Technician,Cyber Security Engineer,Software Developer / Engineer,Network Analyst / Specialist,IT Specialist / Engineer,Network Engineer / Architect,Information Assurance Engineer / Analyst,Senior Software Developer / Engineer,Computer Scientist / Researcher,Cyber Crime Analyst / Investigator,79,112,137,80,2,40,44,,,,,,,30,34,0,12,8,21
,41740,,"San Diego-Carlsbad, CA",3317749,297,604,2.03,Very Low,2.48,Very High,Cyber Security Specialist / Technician,Information Assurance Engineer / Analyst,Cyber Security Engineer,Network Engineer / Architect,Software Developer / Engineer,Systems Administrator,IT Specialist / Engineer,Cyber Security Analyst,Systems Analyst,Systems Engineer,92,187,201,100,1,40,53,,,,,,,50,47,0,17,10,22
,41860,,"San Francisco-Oakland-Hayward, CA",4679166,148,301,2.03,Very Low,0.76,Low,Cyber Security Engineer,Network Engineer / Architect,Cyber Security Manager / Administrator,Senior Business Analyst,Cyber Security Analyst,IT Auditor,Operations Analyst (General),Technical Support Engineer / Analyst,Chief Information Officer,Cyber Security Specialist / Technician,58,97,83,57,1,19,54,,,,,,,2,80,8,57,31,25
,41940,,"San Jose-Sunnyvale-Santa Clara, CA",1978816,96,239,2.49,Very Low,1.07,Average,Cyber Security Manager / Administrator,Software Developer / Engineer,Cyber Security Engineer,Cyber Security Architect,Network Engineer / Architect,Cyber Security Specialist / Technician,IT Specialist / Engineer,Cyber Security Analyst,Technical Manager / Director,IT Manager,33,65,55,37,1,12,31,,,,,,,4,40,2,17,13,12
,42020,,"San Luis Obispo-Paso Robles-Arroyo Grande, CA",282887,2,8,4,Low,0.21,Very Low,Application Support Engineer / Analyst,,,,,,,,,,1,1,2,1,0,1,1,,,,,,,0,0,0,0,0,0
,42100,,"Santa Cruz-Watsonville, CA",274673,2,6,3,Very Low,0.25,Very Low,,,,,,,,,,,1,1,1,1,0,0,1,,,,,,,0,0,0,0,0,0
,42140,,"Santa Fe, NM",148651,1,3,3,Very Low,0.19,Very Low,Cyber Security Engineer,,,,,,,,,,0,1,1,1,0,0,0,,,,,,,0,1,0,0,0,0
,42200,,"Santa Maria-Santa Barbara, CA",446170,17,49,2.88,Very Low,1.08,Average,Cyber Security Specialist / Technician,Cyber Security Engineer,Urban / Transportation Planner,Technical Support Engineer / Analyst,Cyber Security Analyst,Network Administrator,,,,,5,11,11,7,0,3,3,,,,,,,2,3,0,1,0,1
,42220,,"Santa Rosa, CA",503070,9,39,4.33,Low,0.54,Very Low,IT Manager,Network Administrator,IT Director,Software Developer / Engineer,,,,,,,2,5,6,3,0,1,3,,,,,,,0,1,0,0,0,0
,42340,,"Savannah, GA",384024,9,19,2.11,Very Low,0.63,Very Low,Network Analyst / Specialist,Cyber Security Specialist / Technician,,,,,,,,,3,4,6,3,0,1,2,,,,,,,1,1,0,0,0,0
,42540,,"Scranton--Wilkes-Barre--Hazleton, PA",555225,11,53,4.82,Average,0.5,Very Low,Cyber Security Architect,Network Engineer / Architect,Systems Analyst,Network Administrator,Java Architect,,,,,,2,7,7,3,0,2,3,,,,,,,0,1,0,0,0,0
,42660,,"Seattle-Tacoma-Bellevue, WA",3798902,166,403,2.43,Very Low,1.03,Average,Cyber Security Specialist / Technician,Cyber Security Engineer,IT Specialist / Engineer,Cyber Security Analyst,Software Developer / Engineer,IT Auditor,SAP Architect / Analyst,Systems Engineer,Cyber Security Manager / Administrator,Vulnerability Analyst / Penetration Tester,67,102,93,65,1,25,56,,,,,,,11,58,3,33,24,19
,42680,,"Sebastian-Vero Beach, FL",151563,0,0,0,0,0,Very Low,,,,,,,,,,,0,0,0,0,0,0,0,,,,,,,0,0,0,0,0,0
,42700,,"Sebring, FL",100917,1,8,8,High,0.46,Very Low,Computer Support Specialist,,,,,,,,,,0,0,0,0,0,0,0,,,,,,,0,0,0,0,0,0
,43100,,"Sheboygan, WI",115427,0,0,0,0,0,Very Low,,,,,,,,,,,0,0,0,0,0,0,0,,,,,,,0,0,0,0,0,0
,43300,,"Sherman-Denison, TX",128235,3,24,8,High,0.8,Low,Network Administrator,Systems Administrator,,,,,,,,,0,1,2,1,0,0,0,,,,,,,0,0,0,0,0,0
,43340,,"Shreveport-Bossier City, LA",441767,30,68,2.27,Very Low,1.96,Very High,Cyber Security Engineer,IT Specialist / Engineer,Cyber Security Analyst,IT Project Manager,Cyber Security Specialist / Technician,Network Engineer / Architect,,,,,14,17,23,18,0,10,9,,,,,,,1,2,0,0,0,0
,43420,,"Sierra Vista-Douglas, AZ",125770,71,70,0.99,Very Low,25.29,Very High,Systems Engineer,Systems Administrator,Cyber Security Engineer,Business Intelligence Developer / Architect,Windows Administrator,Information Assurance Engineer / Analyst,Exchange Engineer,Computer Support Specialist,C# Developer / Engineer,Cyber Security Analyst,23,42,51,22,0,8,13,,,,,,,19,20,0,11,1,16
,43580,,"Sioux City, IA-NE-SD",169140,8,22,2.75,Very Low,1.09,Average,Network Analyst / Specialist,Cyber Security Specialist / Technician,IT Specialist / Engineer,,,,,,,,2,4,6,3,0,2,2,,,,,,,0,0,0,0,0,0
,43620,,"Sioux Falls, SD",255729,22,61,2.77,Very Low,1.71,Very High,Cyber Security Specialist / Technician,Computer Support Specialist,Network Analyst / Specialist,Cyber Security Manager / Administrator,,,,,,,9,11,14,10,0,5,8,,,,,,,0,2,0,2,1,1
,43780,,"South Bend-Mishawaka, IN-MI",320740,1,5,5,Average,0.09,Very Low,Help Desk Technician / Analyst,,,,,,,,,,1,1,1,1,0,0,0,,,,,,,0,1,0,1,0,0
,43900,,"Spartanburg, SC",329136,1,5,5,Average,0.08,Very Low,,,,,,,,,,,1,1,1,1,0,0,0,,,,,,,0,1,0,1,0,0
,44060,,"Spokane-Spokane Valley, WA",556634,8,32,4,Low,0.41,Very Low,Computer Support Specialist,Cyber Security Engineer,Network Engineer / Architect,Cyber Security Specialist / Technician,,,,,,,3,5,6,4,0,2,2,,,,,,,0,1,0,1,0,1
,44100,,"Springfield, IL",210015,5,20,4,Low,0.55,Very Low,Cyber Security Engineer,IT Specialist / Engineer,Technical Support Manager / Supervisor,,,,,,,,2,3,4,3,0,1,1,,,,,,,0,1,0,0,0,0
78100,44140,,"Springfield, MA-CT",732190,7,31,4.43,Low,0.25,Very Low,Cyber Security Specialist / Technician,Cyber Security Engineer,,,,,,,,,3,4,5,4,0,1,2,,,,,,,1,1,0,1,0,0
,44180,,"Springfield, MO",458930,9,28,3.11,Very Low,0.52,Very Low,Cyber Security Engineer,Network Support Technician,Cyber Security Specialist / Technician,,,,,,,,4,6,7,6,0,2,3,,,,,,,0,2,0,1,1,1
,44220,,"Springfield, OH",134786,23,23,1,Very Low,5.55,Very High,Network Engineer / Architect,IT Specialist / Engineer,Technical Project Manager,Cyber Security Consultant,Cyber Security Specialist / Technician,,,,,,5,15,14,9,0,3,5,,,,,,,1,1,0,0,0,0
,41060,,"St. Cloud, MN",195644,2,6,3,Very Low,0.23,Very Low,Technical Support Manager / Supervisor,,,,,,,,,,1,1,1,1,0,0,1,,,,,,,0,0,0,0,0,0
,41100,,"St. George, UT",160245,0,0,0,0,0,Very Low,,,,,,,,,,,0,0,0,0,0,0,0,,,,,,,0,0,0,0,0,0
,41140,,"St. Joseph, MO-KS",126565,4,24,6,Average,0.88,Average,Cyber Security Engineer,IT Specialist / Engineer,,,,,,,,,1,3,4,3,0,1,2,,,,,,,0,0,0,0,0,0
,41180,,"St. Louis, MO-IL",2807002,175,486,2.78,Very Low,1.51,Very High,Cyber Security Engineer,Systems Engineer,Cyber Security Specialist / Technician,Windows Administrator,Systems Administrator,Systems Integration Engineer / Specialist,Network Engineer / Architect,Software Developer / Engineer,IT Specialist / Engineer,Technical Support Engineer / Analyst,66,103,114,66,2,25,43,,,,,,,23,35,0,23,12,12
,44300,,"State College, PA",161464,0,0,0,0,0,Very Low,,,,,,,,,,,0,0,0,0,0,0,0,,,,,,,1,1,0,0,1,1
,44420,,"Staunton-Waynesboro, VA",121247,0,0,0,0,0,Very Low,,,,,,,,,,,0,0,0,0,0,0,0,,,,,,,0,0,0,0,0,0
,44700,,"Stockton-Lodi, CA",733709,2,12,6,Average,0.1,Very Low,IT Specialist / Engineer,,,,,,,,,,1,1,1,0,0,0,1,,,,,,,0,0,0,0,0,0
,44940,,"Sumter, SC",107396,7,25,3.57,Very Low,2.27,Very High,Application Developer / Engineer,Cyber Security Engineer,,,,,,,,,1,2,6,1,0,0,1,,,,,,,2,1,0,0,0,0
,45060,,"Syracuse, NY",656510,17,54,3.18,Very Low,0.65,Very Low,IT Specialist / Engineer,Network Analyst / Specialist,Cyber Security Specialist / Technician,,,,,,,,7,9,12,8,0,3,6,,,,,,,1,3,0,1,1,1
,45220,,"Tallahassee, FL",379627,67,135,2.01,Very Low,4.74,Very High,SAS Programmer,Systems Administrator,Cyber Security Manager / Administrator,IT Project Analyst,IT Auditor,Technical Consultant / Analyst,Cyber Security Engineer,Vulnerability Analyst / Penetration Tester,Computer Programmer,Computer Support Specialist,31,39,42,28,2,12,23,,,,,,,0,3,0,2,1,1
,45300,,"Tampa-St. Petersburg-Clearwater, FL",3032171,68,164,2.41,Very Low,0.62,Very Low,Cyber Security Engineer,Network Engineer / Architect,Information Assurance Engineer / Analyst,Application Support Engineer / Analyst,Systems Engineer,Windows Administrator,Systems Administrator,Cyber Security Specialist / Technician,Network Analyst / Specialist,Vulnerability Analyst / Penetration Tester,29,39,44,29,1,10,17,,,,,,,24,41,1,22,16,15
,45460,,"Terre Haute, IN",170687,3,5,1.67,Very Low,0.53,Very Low,Cyber Security Specialist / Technician,Network Analyst / Specialist,,,,,,,,,0,1,2,1,0,0,1,,,,,,,0,0,0,0,0,0
,45500,,"Texarkana, TX-AR",150098,3,6,2,Very Low,0.62,Very Low,IT Specialist / Engineer,Cyber Security Engineer,,,,,,,,,0,2,3,1,0,0,1,,,,,,,0,0,0,0,0,0
,45540,,"The Villages, FL",123996,0,0,0,0,0,0,,,,,,,,,,,0,0,0,0,0,0,0,,,,,,,0,0,0,0,0,0
,45780,,"Toledo, OH",605221,2,12,6,Average,0.08,Very Low,IT Specialist / Engineer,Network Analyst / Specialist,,,,,,,,,1,1,1,1,0,0,1,,,,,,,0,1,0,1,0,0
,45820,,"Topeka, KS",233068,11,41,3.73,Very Low,1.16,Average,IT Specialist / Engineer,Cyber Security Specialist / Technician,Security / Defense Intelligence Analyst,Systems Integration Engineer / Specialist,,,,,,,4,6,8,6,0,3,3,,,,,,,1,1,0,0,0,0
,45940,,"Trenton, NJ",371023,7,15,2.14,Very Low,0.36,Very Low,Cyber Security Specialist / Technician,,,,,,,,,,3,4,4,3,0,1,2,,,,,,,1,7,0,4,2,2
,46060,,"Tucson, AZ",1016206,43,165,3.84,Low,1.39,High,Network Analyst / Specialist,Network Engineer / Architect,Cyber Security Engineer,IT Specialist / Engineer,IT Administrator,Systems Administrator,Cyber Security Analyst,Network Administrator,Cyber Security Manager / Administrator,IT Project Manager,12,22,29,12,0,7,10,,,,,,,4,4,0,2,1,1
,46140,,"Tulsa, OK",987201,9,42,4.67,Average,0.24,Very Low,Cyber Security Specialist / Technician,Network Analyst / Specialist,Cyber Security Architect,,,,,,,,4,5,6,4,0,2,3,,,,,,,0,3,0,2,1,2
,46220,,"Tuscaloosa, AL",241378,1,5,5,Average,0.12,Very Low,Webmaster / Administrator,,,,,,,,,,0,0,1,0,0,0,1,,,,,,,0,0,0,0,0,0
,46340,,"Tyler, TX",225290,4,21,5.25,Average,0.47,Very Low,Technical Support Engineer / Analyst,,,,,,,,,,1,2,3,2,0,0,2,,,,,,,0,0,0,0,0,0
,46520,,"Urban Honolulu, HI",992605,85,253,2.98,Very Low,2.13,Very High,Cyber Security Specialist / Technician,IT Specialist / Engineer,Cyber Security Engineer,Systems Administrator,Network Analyst / Specialist,Systems Analyst,Incident Analyst / Responder,Computer Support Specialist,Network Administrator,Systems Engineer,27,31,65,29,1,11,14,,,,,,,19,11,0,5,2,8
,46540,,"Utica-Rome, NY",293803,6,24,4,Low,0.58,Very Low,IT Specialist / Engineer,Cyber Security Specialist / Technician,Network Analyst / Specialist,,,,,,,,2,3,4,2,0,1,1,,,,,,,3,3,0,0,0,2
,46660,,"Valdosta, GA",144676,1,6,6,Average,0.22,Very Low,Cyber Security Engineer,,,,,,,,,,0,1,1,1,0,0,0,,,,,,,0,0,0,0,0,0
,46700,,"Vallejo-Fairfield, CA",440207,5,12,2.4,Very Low,0.45,Very Low,Senior Software Developer / Engineer,Information Assurance Engineer / Analyst,.NET Developer / Engineer,Telecommunications Specialist / Engineer,,,,,,,2,2,4,2,0,1,1,,,,,,,1,1,0,0,0,0
,47020,,"Victoria, TX",99984,0,0,0,0,0,Very Low,,,,,,,,,,,0,0,0,0,0,0,0,,,,,,,0,0,0,0,0,0
,47220,,"Vineland-Bridgeton, NJ",153797,2,4,2,Very Low,0.39,Very Low,,,,,,,,,,,1,1,1,0,0,0,1,,,,,,,0,0,0,0,0,0
,47260,,"Virginia Beach-Norfolk-Newport News, VA-NC",1726907,329,742,2.26,Very Low,5.17,Very High,Cyber Security Specialist / Technician,Cyber Security Engineer,Cyber Security Analyst,Network Engineer / Architect,Systems Administrator,IT Specialist / Engineer,Software Developer / Engineer,Cyber Security Manager / Administrator,Network Analyst / Specialist,Systems Integration Engineer / Specialist,100,159,246,103,2,39,46,,,,,,,60,33,0,12,8,19
,47300,,"Visalia-Porterville, CA",460437,2,8,4,Low,0.16,Very Low,IT Director,,,,,,,,,,1,1,1,1,0,1,1,,,,,,,0,0,0,0,0,0
,47380,,"Waco, TX",265207,0,0,0,0,0,Very Low,,,,,,,,,,,0,0,0,0,0,0,0,,,,,,,0,0,0,0,0,0
,47460,,"Walla Walla, WA",64278,0,0,0,0,0,Very Low,,,,,,,,,,,0,0,0,0,0,0,0,,,,,,,0,0,0,0,0,0
,47580,,"Warner Robins, GA",190028,54,125,2.31,Very Low,9.11,Very High,Software Developer / Engineer,Cyber Security Specialist / Technician,Systems Administrator,Cyber Security Engineer,IT Specialist / Engineer,Cyber Security Manager / Administrator,Senior Software Developer / Engineer,Software QA Engineer / Tester,Network Analyst / Specialist,,12,29,47,19,0,5,8,,,,,,,5,4,0,2,0,2
,47900,,"Washington-Arlington-Alexandria, DC-VA-MD-WV",6131977,2721,5065,1.86,Very Low,10.28,Very High,Cyber Security Engineer,Cyber Security Specialist / Technician,Network Engineer / Architect,Cyber Security Analyst,Systems Engineer,IT Specialist / Engineer,Information Assurance Engineer / Analyst,Cyber Security Manager / Administrator,Software Developer / Engineer,Systems Administrator,941,1651,1803,1050,34,446,617,,,,,,,359,546,6,151,144,244
,47940,,"Waterloo-Cedar Falls, IA",170015,0,0,0,0,0,Very Low,,,,,,,,,,,0,0,0,0,0,0,0,,,,,,,0,0,0,0,0,0
,48060,,"Watertown-Fort Drum, NY",114006,6,21,3.5,Very Low,1.69,Very High,Cyber Security Specialist / Technician,,,,,,,,,,2,2,3,2,0,0,2,,,,,,,2,0,0,0,0,0
,48140,,"Wausau, WI",135603,9,45,5,Average,1.5,Very High,Network Administrator,Application Analyst,Technical Consultant / Analyst,Cyber Security Engineer,,,,,,,4,4,6,3,0,1,2,,,,,,,0,0,0,0,0,0
,48260,,"Weirton-Steubenville, WV-OH",119271,0,0,0,0,0,Very Low,,,,,,,,,,,0,0,0,0,0,0,0,,,,,,,0,0,0,0,0,0
,48300,,"Wenatchee, WA",117665,3,34,11.33,Very High,0.81,Low,,,,,,,,,,,2,1,1,1,0,1,1,,,,,,,0,0,0,0,0,0
,48540,,"Wheeling, WV-OH",142982,0,0,0,0,0,Very Low,,,,,,,,,,,0,0,0,0,0,0,0,,,,,,,0,0,0,0,0,0
,48660,,"Wichita Falls, TX",150734,2,23,11.5,Very High,0.41,Very Low,,,,,,,,,,,0,1,2,1,0,0,1,,,,,,,0,0,0,0,0,0
,48620,,"Wichita, KS",644672,35,122,3.49,Very Low,1.37,High,Cyber Security Specialist / Technician,IT Specialist / Engineer,Network Analyst / Specialist,Cyber Security Engineer,Network Engineer / Architect,Cyber Security Analyst,,,,,14,18,26,17,0,11,10,,,,,,,1,2,0,1,1,1
,48700,,"Williamsport, PA",115248,0,0,0,0,0,Very Low,,,,,,,,,,,0,0,0,0,0,0,0,,,,,,,0,0,0,0,0,0
,48900,,"Wilmington, NC",282573,2,9,4.5,Average,0.19,Very Low,Network Administrator,,,,,,,,,,0,1,2,1,0,0,1,,,,,,,0,0,0,0,0,0
,49020,,"Winchester, VA-WV",135238,10,40,4,Low,2.05,Very High,IT Specialist / Engineer,Network Analyst / Specialist,,,,,,,,,3,6,7,4,0,1,2,,,,,,,0,0,0,0,0,0
,49180,,"Winston-Salem, NC",662079,7,20,2.86,Very Low,0.31,Very Low,IT Director,,,,,,,,,,4,5,4,4,0,2,3,,,,,,,0,3,0,2,1,1
79600,49340,,"Worcester, MA-CT",935781,9,36,4,Low,0.38,Very Low,Cyber Security Engineer,Network Administrator,,,,,,,,,3,6,8,4,0,2,2,,,,,,,1,2,0,1,1,2
,49420,,"Yakima, WA",249636,3,15,5,Average,0.41,Very Low,IT Director,IT Manager,,,,,,,,,1,0,1,1,0,1,2,,,,,,,0,0,0,0,0,0
,49620,,"York-Hanover, PA",443744,3,8,2.67,Very Low,0.19,Very Low,Business Intelligence Developer / Architect,Software Developer / Engineer,,,,,,,,,2,2,3,1,0,1,0,,,,,,,0,1,0,0,0,0
,49660,,"Youngstown-Warren-Boardman, OH-PA",544746,2,9,4.5,Average,0.11,Very Low,Help Desk Technician / Analyst,,,,,,,,,,1,2,2,1,0,0,0,,,,,,,0,0,0,0,0,0
,49700,,"Yuba City, CA",171926,2,7,3.5,Very Low,0.58,Very Low,Cyber Security Engineer,IT Specialist / Engineer,,,,,,,,,0,1,1,0,0,0,0,,,,,,,1,0,0,0,0,0
,49740,,"Yuma, AZ",205631,19,43,2.26,Very Low,3.64,Very High,Cyber Security Specialist / Technician,Systems Administrator,IT Specialist / Engineer,Computer Support Specialist,GIS Analyst,,,,,,5,4,14,6,0,1,2,,,,,,,2,0,0,0,0,0
